#include <stdint.h>

#include <stddef.h>

const size_t sub_0002_command_stream_size = 26696;

__attribute__((aligned(16))) const uint8_t sub_0002_command_stream[26696] = {
0x43, 0x4f, 0x50, 0x31, 0x01, 0x00, 0x10, 0x00, 0x08, 0x30, 0x00, 0x00, 0x00, 0x00, 0x06, 0x10, 
0x05, 0x00, 0x00, 0x00, 0x05, 0x00, 0x00, 0x00, 0x05, 0x00, 0x00, 0x00, 0x02, 0x00, 0x0a, 0x1a, 
0x0f, 0x01, 0x01, 0x00, 0x00, 0x40, 0x00, 0x00, 0x00, 0xb9, 0x01, 0x00, 0x01, 0x40, 0x00, 0x00, 
0x00, 0x00, 0x00, 0x00, 0x02, 0x40, 0x00, 0x00, 0x00, 0x00, 0x00, 0x00, 0x03, 0x40, 0x00, 0x00, 
0x00, 0x00, 0x00, 0x00, 0x0b, 0x01, 0x6f, 0x00, 0x0c, 0x01, 0x6f, 0x00, 0x0a, 0x01, 0x6f, 0x00, 
0x04, 0x01, 0x02, 0x00, 0x06, 0x40, 0x00, 0x00, 0x01, 0x00, 0x00, 0x00, 0x05, 0x40, 0x00, 0x00, 
0x50, 0x01, 0x00, 0x00, 0x04, 0x40, 0x00, 0x00, 0x03, 0x00, 0x00, 0x00, 0x09, 0x01, 0x80, 0xff, 
0x05, 0x01, 0x01, 0x00, 0x07, 0x01, 0x00, 0x00, 0x00, 0x01, 0x00, 0x00, 0x01, 0x01, 0x00, 0x00, 
0x03, 0x01, 0x00, 0x00, 0x02, 0x01, 0x00, 0x00, 0x1f, 0x01, 0x01, 0x00, 0x10, 0x40, 0x00, 0x00, 
0x00, 0x20, 0x06, 0x00, 0x11, 0x40, 0x00, 0x00, 0x00, 0x00, 0x00, 0x00, 0x12, 0x40, 0x00, 0x00, 
0x00, 0x00, 0x00, 0x00, 0x13, 0x40, 0x00, 0x00, 0x00, 0x00, 0x00, 0x00, 0x1b, 0x01, 0x6f, 0x00, 
0x1c, 0x01, 0x6f, 0x00, 0x1a, 0x01, 0x6f, 0x00, 0x12, 0x01, 0x6f, 0x00, 0x11, 0x01, 0x6f, 0x00, 
0x13, 0x01, 0x02, 0x00, 0x16, 0x40, 0x00, 0x00, 0x01, 0x00, 0x00, 0x00, 0x15, 0x40, 0x00, 0x00, 
0x40, 0x05, 0x00, 0x00, 0x14, 0x40, 0x00, 0x00, 0x0c, 0x00, 0x00, 0x00, 0x18, 0x01, 0x80, 0xff, 
0x14, 0x01, 0x01, 0x81, 0x21, 0x01, 0x00, 0x00, 0x20, 0x01, 0x00, 0x00, 0x22, 0x01, 0x00, 0x00, 
0x25, 0x01, 0x00, 0x00, 0x26, 0x01, 0x80, 0xff, 0x27, 0x01, 0x7f, 0x00, 0x16, 0x01, 0x01, 0x00, 
0x15, 0x01, 0x09, 0x00, 0x17, 0x01, 0x0f, 0x00, 0x0d, 0x01, 0x0a, 0x00, 0x2d, 0x01, 0x1e, 0x00, 
0x24, 0x01, 0x00, 0x00, 0x24, 0x40, 0x1f, 0x00, 0x01, 0x00, 0x00, 0x80, 0x2f, 0x01, 0x00, 0x00, 
0x05, 0x00, 0x01, 0x00, 0x00, 0x40, 0x00, 0x00, 0x00, 0x26, 0x01, 0x00, 0x10, 0x40, 0x00, 0x00, 
0x03, 0x20, 0x06, 0x00, 0x2f, 0x01, 0x03, 0x00, 0x05, 0x00, 0x01, 0x00, 0x00, 0x40, 0x00, 0x00, 
0x00, 0x93, 0x00, 0x00, 0x10, 0x40, 0x00, 0x00, 0x06, 0x20, 0x06, 0x00, 0x05, 0x00, 0x01, 0x00, 
0x00, 0x40, 0x00, 0x00, 0x00, 0x00, 0x00, 0x00, 0x10, 0x40, 0x00, 0x00, 0x09, 0x20, 0x06, 0x00, 
0x05, 0x00, 0x01, 0x00, 0x00, 0x40, 0x00, 0x00, 0x00, 0x20, 0x06, 0x00, 0x04, 0x01, 0x0b, 0x00, 
0x05, 0x40, 0x00, 0x00, 0x40, 0x05, 0x00, 0x00, 0x04, 0x40, 0x00, 0x00, 0x0c, 0x00, 0x00, 0x00, 
0x00, 0x01, 0x01, 0x00, 0x01, 0x01, 0x01, 0x00, 0x03, 0x01, 0x01, 0x00, 0x02, 0x01, 0x01, 0x00, 
0x10, 0x40, 0x00, 0x00, 0x00, 0x00, 0x00, 0x00, 0x13, 0x01, 0x17, 0x00, 0x16, 0x40, 0x00, 0x00, 
0x00, 0x07, 0x00, 0x00, 0x15, 0x40, 0x00, 0x00, 0x00, 0x0e, 0x00, 0x00, 0x14, 0x40, 0x00, 0x00, 
0x10, 0x00, 0x00, 0x00, 0x18, 0x01, 0x03, 0x00, 0x14, 0x01, 0x41, 0x00, 0x21, 0x01, 0x02, 0x00, 
0x20, 0x01, 0x02, 0x00, 0x22, 0x01, 0x04, 0x00, 0x28, 0x01, 0x00, 0x00, 0x20, 0x40, 0x00, 0x00, 
0x10, 0xb3, 0x01, 0x00, 0x21, 0x40, 0x00, 0x00, 0xf0, 0x0b, 0x00, 0x00, 0x29, 0x01, 0x00, 0x00, 
0x22, 0x40, 0x00, 0x00, 0x20, 0xb2, 0x01, 0x00, 0x23, 0x40, 0x00, 0x00, 0xf0, 0x00, 0x00, 0x00, 
0x16, 0x01, 0x0b, 0x00, 0x15, 0x01, 0x0d, 0x00, 0x17, 0x01, 0x17, 0x00, 0x2d, 0x01, 0x0e, 0x00, 
0x02, 0x00, 0x00, 0x00, 0x30, 0x01, 0x00, 0x00, 0x30, 0x40, 0x00, 0x00, 0x00, 0x01, 0x00, 0x00, 
0x31, 0x01, 0x03, 0x01, 0x31, 0x40, 0x00, 0x00, 0x00, 0xb8, 0x00, 0x00, 0x32, 0x40, 0x00, 0x00, 
0x00, 0x01, 0x00, 0x00, 0x10, 0x00, 0x00, 0x00, 0x25, 0x40, 0x00, 0x00, 0x00, 0x80, 0x00, 0x00, 
0x26, 0x40, 0x00, 0x00, 0x00, 0x80, 0x00, 0x00, 0x24, 0x40, 0x2d, 0x00, 0x00, 0x00, 0x00, 0x40, 
0x00, 0x40, 0x00, 0x00, 0x00, 0x00, 0x00, 0x00, 0x04, 0x01, 0x17, 0x00, 0x06, 0x40, 0x00, 0x00, 
0x00, 0x07, 0x00, 0x00, 0x05, 0x40, 0x00, 0x00, 0x00, 0x0e, 0x00, 0x00, 0x04, 0x40, 0x00, 0x00, 
0x10, 0x00, 0x00, 0x00, 0x09, 0x01, 0x03, 0x00, 0x05, 0x01, 0x41, 0x00, 0x10, 0x40, 0x00, 0x00, 
0x00, 0x20, 0x06, 0x00, 0x14, 0x01, 0x41, 0x01, 0x25, 0x01, 0x10, 0x00, 0x16, 0x01, 0x13, 0x00, 
0x15, 0x01, 0x3f, 0x00, 0x17, 0x01, 0x0f, 0x00, 0x0d, 0x01, 0x2e, 0x00, 0x2d, 0x01, 0x2e, 0x00, 
0x89, 0x01, 0x00, 0x00, 0x85, 0x01, 0x01, 0x00, 0x80, 0x01, 0x80, 0x00, 0x81, 0x01, 0x00, 0x00, 
0x11, 0x00, 0x00, 0x00, 0x06, 0x00, 0x01, 0x00, 0x24, 0x40, 0x25, 0x00, 0x00, 0x35, 0xd6, 0x41, 
0x18, 0x01, 0x81, 0xff, 0x25, 0x01, 0x00, 0x00, 0x16, 0x01, 0x07, 0x00, 0x8d, 0x01, 0x12, 0x00, 
0x8f, 0x01, 0x01, 0x00, 0x80, 0x40, 0x00, 0x00, 0x00, 0x20, 0x06, 0x00, 0x81, 0x40, 0x00, 0x00, 
0x00, 0x00, 0x00, 0x00, 0x82, 0x40, 0x00, 0x00, 0x00, 0x00, 0x00, 0x00, 0x83, 0x40, 0x00, 0x00, 
0x00, 0x00, 0x00, 0x00, 0x8b, 0x01, 0x6f, 0x00, 0x8c, 0x01, 0x6f, 0x00, 0x8a, 0x01, 0x6f, 0x00, 
0x86, 0x40, 0x00, 0x00, 0x00, 0x07, 0x00, 0x00, 0x85, 0x40, 0x00, 0x00, 0x00, 0x0e, 0x00, 0x00, 
0x84, 0x40, 0x00, 0x00, 0x10, 0x00, 0x00, 0x00, 0x89, 0x01, 0x80, 0xff, 0x85, 0x01, 0x41, 0x00, 
0x80, 0x01, 0x00, 0x00, 0x06, 0x00, 0x00, 0x00, 0x00, 0x40, 0x00, 0x00, 0x00, 0x20, 0x06, 0x00, 
0x09, 0x01, 0x81, 0xff, 0x03, 0x01, 0x00, 0x00, 0x02, 0x01, 0x00, 0x00, 0x10, 0x40, 0x00, 0x00, 
0x00, 0x00, 0x00, 0x00, 0x1b, 0x01, 0x37, 0x00, 0x1c, 0x01, 0x37, 0x00, 0x1a, 0x01, 0x37, 0x00, 
0x12, 0x01, 0x37, 0x00, 0x11, 0x01, 0x37, 0x00, 0x13, 0x01, 0x2f, 0x00, 0x16, 0x40, 0x00, 0x00, 
0x80, 0x03, 0x00, 0x00, 0x15, 0x40, 0x00, 0x00, 0x80, 0x0a, 0x00, 0x00, 0x18, 0x01, 0x1e, 0x00, 
0x14, 0x01, 0x41, 0x00, 0x22, 0x01, 0x07, 0x00, 0x20, 0x40, 0x00, 0x00, 0xe0, 0xc0, 0x01, 0x00, 
0x21, 0x40, 0x00, 0x00, 0xf0, 0x29, 0x00, 0x00, 0x22, 0x40, 0x00, 0x00, 0x00, 0xbf, 0x01, 0x00, 
0x23, 0x40, 0x00, 0x00, 0xe0, 0x01, 0x00, 0x00, 0x15, 0x01, 0x07, 0x00, 0x17, 0x01, 0x1f, 0x00, 
0x0d, 0x01, 0x12, 0x00, 0x2d, 0x01, 0x1e, 0x00, 0x02, 0x00, 0x00, 0x00, 0x30, 0x40, 0x00, 0x00, 
0xf0, 0x03, 0x00, 0x00, 0x31, 0x40, 0x00, 0x00, 0x00, 0xb9, 0x00, 0x00, 0x10, 0x00, 0x00, 0x00, 
0x24, 0x40, 0x2d, 0x00, 0x00, 0x00, 0x00, 0x40, 0x00, 0x40, 0x00, 0x00, 0x00, 0x00, 0x00, 0x00, 
0x0b, 0x01, 0x37, 0x00, 0x0c, 0x01, 0x37, 0x00, 0x0a, 0x01, 0x37, 0x00, 0x04, 0x01, 0x2f, 0x00, 
0x06, 0x40, 0x00, 0x00, 0x80, 0x03, 0x00, 0x00, 0x05, 0x40, 0x00, 0x00, 0x80, 0x0a, 0x00, 0x00, 
0x09, 0x01, 0x1e, 0x00, 0x10, 0x40, 0x00, 0x00, 0x00, 0x4c, 0x02, 0x00, 0x14, 0x01, 0x41, 0x01, 
0x25, 0x01, 0x11, 0x00, 0x16, 0x01, 0x1f, 0x00, 0x15, 0x01, 0x27, 0x00, 0x17, 0x01, 0x0f, 0x00, 
0x0d, 0x01, 0x2e, 0x00, 0x2d, 0x01, 0x2e, 0x00, 0x89, 0x01, 0x00, 0x00, 0x85, 0x01, 0x01, 0x00, 
0x80, 0x01, 0x80, 0x00, 0x11, 0x00, 0x00, 0x00, 0x06, 0x00, 0x01, 0x00, 0x24, 0x40, 0x25, 0x00, 
0x80, 0xf6, 0xc1, 0x53, 0x18, 0x01, 0x81, 0xff, 0x25, 0x01, 0x00, 0x00, 0x16, 0x01, 0x0f, 0x00, 
0x15, 0x01, 0x1f, 0x00, 0x80, 0x40, 0x00, 0x00, 0x00, 0x4c, 0x02, 0x00, 0x8b, 0x01, 0x37, 0x00, 
0x8c, 0x01, 0x37, 0x00, 0x8a, 0x01, 0x37, 0x00, 0x86, 0x40, 0x00, 0x00, 0x80, 0x03, 0x00, 0x00, 
0x85, 0x40, 0x00, 0x00, 0x80, 0x0a, 0x00, 0x00, 0x89, 0x01, 0x80, 0xff, 0x85, 0x01, 0x41, 0x00, 
0x80, 0x01, 0x00, 0x00, 0x06, 0x00, 0x00, 0x00, 0x00, 0x40, 0x00, 0x00, 0x00, 0x4c, 0x02, 0x00, 
0x09, 0x01, 0x81, 0xff, 0x00, 0x01, 0x00, 0x00, 0x01, 0x01, 0x00, 0x00, 0x10, 0x40, 0x00, 0x00, 
0x00, 0x98, 0x04, 0x00, 0x13, 0x01, 0x17, 0x00, 0x15, 0x40, 0x00, 0x00, 0x00, 0x07, 0x00, 0x00, 
0x18, 0x01, 0x68, 0x00, 0x14, 0x01, 0x41, 0x00, 0x21, 0x01, 0x00, 0x00, 0x20, 0x01, 0x00, 0x00, 
0x22, 0x01, 0x00, 0x00, 0x20, 0x40, 0x00, 0x00, 0xc0, 0xeb, 0x01, 0x00, 0x21, 0x40, 0x00, 0x00, 
0xe0, 0x04, 0x00, 0x00, 0x22, 0x40, 0x00, 0x00, 0xd0, 0xea, 0x01, 0x00, 0x23, 0x40, 0x00, 0x00, 
0xf0, 0x00, 0x00, 0x00, 0x16, 0x01, 0x01, 0x00, 0x15, 0x01, 0x37, 0x00, 0x17, 0x01, 0x17, 0x00, 
0x0d, 0x01, 0x0a, 0x00, 0x2d, 0x01, 0x0e, 0x00, 0x02, 0x00, 0x00, 0x00, 0x30, 0x40, 0x00, 0x00, 
0xf0, 0x05, 0x00, 0x00, 0x31, 0x40, 0x00, 0x00, 0x00, 0xba, 0x00, 0x00, 0x10, 0x00, 0x00, 0x00, 
0x24, 0x40, 0x2d, 0x00, 0x00, 0x00, 0x00, 0x40, 0x00, 0x40, 0x00, 0x00, 0x00, 0x98, 0x04, 0x00, 
0x04, 0x01, 0x17, 0x00, 0x05, 0x40, 0x00, 0x00, 0x00, 0x07, 0x00, 0x00, 0x09, 0x01, 0x68, 0x00, 
0x10, 0x40, 0x00, 0x00, 0x00, 0x00, 0x00, 0x00, 0x14, 0x01, 0x41, 0x01, 0x25, 0x01, 0x12, 0x00, 
0x16, 0x01, 0x1f, 0x00, 0x15, 0x01, 0x27, 0x00, 0x17, 0x01, 0x0f, 0x00, 0x0d, 0x01, 0x2e, 0x00, 
0x2d, 0x01, 0x2e, 0x00, 0x89, 0x01, 0x00, 0x00, 0x85, 0x01, 0x01, 0x00, 0x80, 0x01, 0x80, 0x00, 
0x11, 0x00, 0x00, 0x00, 0x06, 0x00, 0x01, 0x00, 0x24, 0x40, 0x23, 0x00, 0x00, 0x4d, 0x4c, 0x55, 
0x18, 0x01, 0x8a, 0xff, 0x25, 0x01, 0x00, 0x00, 0x16, 0x01, 0x0f, 0x00, 0x15, 0x01, 0x1f, 0x00, 
0x80, 0x40, 0x00, 0x00, 0x00, 0x00, 0x00, 0x00, 0x85, 0x40, 0x00, 0x00, 0x00, 0x07, 0x00, 0x00, 
0x89, 0x01, 0x80, 0xff, 0x85, 0x01, 0x41, 0x00, 0x80, 0x01, 0x00, 0x00, 0x06, 0x00, 0x00, 0x00, 
0x00, 0x40, 0x00, 0x00, 0x00, 0x00, 0x00, 0x00, 0x09, 0x01, 0x8a, 0xff, 0x10, 0x40, 0x00, 0x00, 
0x00, 0x98, 0x04, 0x00, 0x18, 0x01, 0x1f, 0x00, 0x14, 0x01, 0x41, 0x00, 0x20, 0x40, 0x00, 0x00, 
0x90, 0xf1, 0x01, 0x00, 0x21, 0x40, 0x00, 0x00, 0xa0, 0x02, 0x00, 0x00, 0x22, 0x40, 0x00, 0x00, 
0xa0, 0xf0, 0x01, 0x00, 0x16, 0x01, 0x05, 0x00, 0x15, 0x01, 0x1b, 0x00, 0x17, 0x01, 0x17, 0x00, 
0x0d, 0x01, 0x0a, 0x00, 0x2d, 0x01, 0x0e, 0x00, 0x02, 0x00, 0x00, 0x00, 0x30, 0x40, 0x00, 0x00, 
0xf0, 0x07, 0x00, 0x00, 0x31, 0x40, 0x00, 0x00, 0x00, 0xbb, 0x00, 0x00, 0x10, 0x00, 0x00, 0x00, 
0x24, 0x40, 0x2d, 0x00, 0x00, 0x00, 0x00, 0x40, 0x00, 0x40, 0x00, 0x00, 0x00, 0x98, 0x04, 0x00, 
0x09, 0x01, 0x1f, 0x00, 0x10, 0x40, 0x00, 0x00, 0x00, 0x20, 0x06, 0x00, 0x14, 0x01, 0x41, 0x01, 
0x25, 0x01, 0x13, 0x00, 0x16, 0x01, 0x1f, 0x00, 0x15, 0x01, 0x27, 0x00, 0x17, 0x01, 0x0f, 0x00, 
0x0d, 0x01, 0x2e, 0x00, 0x2d, 0x01, 0x2e, 0x00, 0x89, 0x01, 0x00, 0x00, 0x85, 0x01, 0x01, 0x00, 
0x80, 0x01, 0x80, 0x00, 0x11, 0x00, 0x00, 0x00, 0x06, 0x00, 0x01, 0x00, 0x24, 0x40, 0x25, 0x00, 
0x80, 0x24, 0xd2, 0x53, 0x18, 0x01, 0x85, 0xff, 0x25, 0x01, 0x00, 0x00, 0x16, 0x01, 0x0f, 0x00, 
0x15, 0x01, 0x1f, 0x00, 0x80, 0x40, 0x00, 0x00, 0x00, 0x20, 0x06, 0x00, 0x89, 0x01, 0x80, 0xff, 
0x85, 0x01, 0x41, 0x00, 0x80, 0x01, 0x00, 0x00, 0x06, 0x00, 0x00, 0x00, 0x00, 0x40, 0x00, 0x00, 
0x00, 0x20, 0x06, 0x00, 0x09, 0x01, 0x85, 0xff, 0x00, 0x01, 0x01, 0x00, 0x01, 0x01, 0x01, 0x00, 
0x03, 0x01, 0x01, 0x00, 0x02, 0x01, 0x01, 0x00, 0x10, 0x40, 0x00, 0x00, 0x00, 0x98, 0x04, 0x00, 
0x18, 0x01, 0x0d, 0x00, 0x14, 0x01, 0x41, 0x00, 0x21, 0x01, 0x02, 0x00, 0x20, 0x01, 0x02, 0x00, 
0x22, 0x01, 0x04, 0x00, 0x20, 0x40, 0x00, 0x00, 0x20, 0xf5, 0x01, 0x00, 0x21, 0x40, 0x00, 0x00, 
0x40, 0x14, 0x00, 0x00, 0x22, 0x40, 0x00, 0x00, 0x30, 0xf4, 0x01, 0x00, 0x16, 0x01, 0x07, 0x00, 
0x15, 0x01, 0x0d, 0x00, 0x17, 0x01, 0x17, 0x00, 0x0d, 0x01, 0x0a, 0x00, 0x2d, 0x01, 0x0e, 0x00, 
0x02, 0x00, 0x00, 0x00, 0x30, 0x40, 0x00, 0x00, 0xf0, 0x09, 0x00, 0x00, 0x31, 0x40, 0x00, 0x00, 
0x00, 0xbc, 0x00, 0x00, 0x10, 0x00, 0x00, 0x00, 0x24, 0x40, 0x2d, 0x00, 0x00, 0x00, 0x00, 0x40, 
0x00, 0x40, 0x00, 0x00, 0x00, 0x98, 0x04, 0x00, 0x09, 0x01, 0x0d, 0x00, 0x10, 0x40, 0x00, 0x00, 
0x00, 0x20, 0x06, 0x00, 0x14, 0x01, 0x41, 0x01, 0x25, 0x01, 0x14, 0x00, 0x16, 0x01, 0x1f, 0x00, 
0x15, 0x01, 0x27, 0x00, 0x17, 0x01, 0x0f, 0x00, 0x0d, 0x01, 0x2e, 0x00, 0x2d, 0x01, 0x2e, 0x00, 
0x89, 0x01, 0x00, 0x00, 0x85, 0x01, 0x01, 0x00, 0x80, 0x01, 0x80, 0x00, 0x11, 0x00, 0x00, 0x00, 
0x06, 0x00, 0x01, 0x00, 0x24, 0x40, 0x25, 0x00, 0x00, 0x6c, 0x66, 0x45, 0x18, 0x01, 0x88, 0xff, 
0x25, 0x01, 0x00, 0x00, 0x16, 0x01, 0x0f, 0x00, 0x15, 0x01, 0x1f, 0x00, 0x89, 0x01, 0x80, 0xff, 
0x85, 0x01, 0x41, 0x00, 0x80, 0x01, 0x00, 0x00, 0x06, 0x00, 0x00, 0x00, 0x25, 0x40, 0x0d, 0x00, 
0xc0, 0x82, 0xc0, 0x68, 0x26, 0x40, 0x00, 0x00, 0x00, 0x00, 0x00, 0x00, 0x24, 0x40, 0x32, 0x00, 
0x63, 0x49, 0xbb, 0x40, 0x00, 0x40, 0x00, 0x00, 0x00, 0x20, 0x06, 0x00, 0x09, 0x01, 0x88, 0xff, 
0x05, 0x01, 0x41, 0x02, 0x10, 0x40, 0x00, 0x00, 0x00, 0x98, 0x04, 0x00, 0x16, 0x40, 0x00, 0x00, 
0x01, 0x00, 0x00, 0x00, 0x15, 0x40, 0x00, 0x00, 0x40, 0x05, 0x00, 0x00, 0x14, 0x40, 0x00, 0x00, 
0x18, 0x00, 0x00, 0x00, 0x18, 0x01, 0x84, 0xff, 0x14, 0x01, 0x01, 0x01, 0x80, 0x40, 0x00, 0x00, 
0x00, 0x00, 0x00, 0x00, 0x89, 0x01, 0x8a, 0xff, 0x06, 0x00, 0x01, 0x00, 0x00, 0x40, 0x00, 0x00, 
0x00, 0x98, 0x04, 0x00, 0x0b, 0x01, 0x3f, 0x0c, 0x0c, 0x01, 0x3f, 0x0c, 0x0a, 0x01, 0x17, 0x00, 
0x04, 0x01, 0x00, 0x00, 0x06, 0x40, 0x00, 0x00, 0x01, 0x00, 0x00, 0x00, 0x05, 0x40, 0x00, 0x00, 
0x18, 0x00, 0x00, 0x00, 0x04, 0x40, 0x00, 0x00, 0x01, 0x00, 0x00, 0x00, 0x09, 0x01, 0x00, 0x00, 
0x05, 0x01, 0x01, 0x00, 0x00, 0x01, 0x00, 0x00, 0x01, 0x01, 0x00, 0x00, 0x03, 0x01, 0x00, 0x00, 
0x02, 0x01, 0x00, 0x00, 0x10, 0x40, 0x00, 0x00, 0x00, 0xbe, 0x05, 0x00, 0x1b, 0x01, 0x3f, 0x0c, 
0x1c, 0x01, 0x3f, 0x0c, 0x1a, 0x01, 0x17, 0x00, 0x12, 0x01, 0x3f, 0x0c, 0x11, 0x01, 0x17, 0x00, 
0x13, 0x01, 0x00, 0x00, 0x15, 0x40, 0x00, 0x00, 0x01, 0x00, 0x00, 0x00, 0x14, 0x40, 0x00, 0x00, 
0x40, 0x0c, 0x00, 0x00, 0x18, 0x01, 0x00, 0x00, 0x21, 0x01, 0x00, 0x00, 0x20, 0x01, 0x00, 0x00, 
0x22, 0x01, 0x00, 0x00, 0x16, 0x01, 0x05, 0x00, 0x15, 0x01, 0x09, 0x00, 0x17, 0x01, 0x07, 0x00, 
0x0d, 0x01, 0x0a, 0x00, 0x2d, 0x01, 0x1e, 0x00, 0x24, 0x40, 0x1f, 0x00, 0x01, 0x00, 0x00, 0x80, 
0x05, 0x00, 0x01, 0x00, 0x00, 0x40, 0x00, 0x00, 0x00, 0xbe, 0x05, 0x00, 0x0b, 0x01, 0x17, 0x00, 
0x0c, 0x01, 0x17, 0x00, 0x0a, 0x01, 0x37, 0x00, 0x04, 0x01, 0x37, 0x00, 0x05, 0x40, 0x00, 0x00, 
0x40, 0x0c, 0x00, 0x00, 0x04, 0x40, 0x00, 0x00, 0x38, 0x00, 0x00, 0x00, 0x09, 0x01, 0x84, 0xff, 
0x10, 0x40, 0x00, 0x00, 0x00, 0x00, 0x00, 0x00, 0x1b, 0x01, 0x17, 0x00, 0x1c, 0x01, 0x17, 0x00, 
0x1a, 0x01, 0x37, 0x00, 0x12, 0x01, 0x17, 0x00, 0x11, 0x01, 0x37, 0x00, 0x13, 0x01, 0x37, 0x00, 
0x15, 0x40, 0x00, 0x00, 0x40, 0x0c, 0x00, 0x00, 0x14, 0x40, 0x00, 0x00, 0x38, 0x00, 0x00, 0x00, 
0x18, 0x01, 0x84, 0xff, 0x14, 0x01, 0x01, 0x81, 0x16, 0x01, 0x01, 0x00, 0x17, 0x01, 0x0f, 0x00, 
0x2f, 0x01, 0x02, 0x00, 0x05, 0x00, 0x01, 0x00, 0x00, 0x40, 0x00, 0x00, 0x00, 0x4c, 0x02, 0x00, 
0x0b, 0x01, 0x37, 0x00, 0x0c, 0x01, 0x37, 0x00, 0x04, 0x01, 0x2f, 0x00, 0x06, 0x40, 0x00, 0x00, 
0x80, 0x03, 0x00, 0x00, 0x05, 0x40, 0x00, 0x00, 0x80, 0x0a, 0x00, 0x00, 0x04, 0x40, 0x00, 0x00, 
0x10, 0x00, 0x00, 0x00, 0x09, 0x01, 0x81, 0xff, 0x05, 0x01, 0x41, 0x00, 0x10, 0x40, 0x00, 0x00, 
0x00, 0x98, 0x04, 0x00, 0x1b, 0x01, 0x37, 0x00, 0x1c, 0x01, 0x37, 0x00, 0x12, 0x01, 0x37, 0x00, 
0x13, 0x01, 0x17, 0x00, 0x16, 0x40, 0x00, 0x00, 0x80, 0x03, 0x00, 0x00, 0x15, 0x40, 0x00, 0x00, 
0x00, 0x07, 0x00, 0x00, 0x14, 0x40, 0x00, 0x00, 0x10, 0x00, 0x00, 0x00, 0x18, 0x01, 0x2b, 0x00, 
0x14, 0x01, 0x41, 0x00, 0x20, 0x40, 0x00, 0x00, 0x50, 0x0a, 0x02, 0x00, 0x21, 0x40, 0x00, 0x00, 
0x00, 0x05, 0x00, 0x00, 0x22, 0x40, 0x00, 0x00, 0x60, 0x09, 0x02, 0x00, 0x15, 0x01, 0x37, 0x00, 
0x17, 0x01, 0x17, 0x00, 0x2d, 0x01, 0x0e, 0x00, 0x2f, 0x01, 0x03, 0x00, 0x02, 0x00, 0x00, 0x00, 
0x30, 0x40, 0x00, 0x00, 0x00, 0x0c, 0x00, 0x00, 0x31, 0x40, 0x00, 0x00, 0x00, 0xbd, 0x00, 0x00, 
0x10, 0x00, 0x00, 0x00, 0x25, 0x40, 0x00, 0x00, 0x00, 0x80, 0x00, 0x00, 0x26, 0x40, 0x00, 0x00, 
0x00, 0x80, 0x00, 0x00, 0x24, 0x40, 0x2d, 0x00, 0x00, 0x00, 0x00, 0x40, 0x00, 0x40, 0x00, 0x00, 
0x00, 0x98, 0x04, 0x00, 0x04, 0x01, 0x17, 0x00, 0x05, 0x40, 0x00, 0x00, 0x00, 0x07, 0x00, 0x00, 
0x09, 0x01, 0x2b, 0x00, 0x10, 0x40, 0x00, 0x00, 0x00, 0x4c, 0x02, 0x00, 0x14, 0x01, 0x41, 0x01, 
0x25, 0x01, 0x15, 0x00, 0x16, 0x01, 0x1f, 0x00, 0x15, 0x01, 0x27, 0x00, 0x17, 0x01, 0x0f, 0x00, 
0x0d, 0x01, 0x2e, 0x00, 0x2d, 0x01, 0x2e, 0x00, 0x89, 0x01, 0x00, 0x00, 0x85, 0x01, 0x01, 0x00, 
0x80, 0x01, 0x80, 0x00, 0x11, 0x00, 0x00, 0x00, 0x06, 0x00, 0x01, 0x00, 0x24, 0x40, 0x25, 0x00, 
0x80, 0x70, 0x13, 0x60, 0x10, 0x40, 0x00, 0x00, 0x00, 0x20, 0x06, 0x00, 0x16, 0x40, 0x00, 0x00, 
0x01, 0x00, 0x00, 0x00, 0x15, 0x40, 0x00, 0x00, 0x40, 0x05, 0x00, 0x00, 0x14, 0x40, 0x00, 0x00, 
0x18, 0x00, 0x00, 0x00, 0x18, 0x01, 0x84, 0xff, 0x14, 0x01, 0x01, 0x01, 0x25, 0x01, 0x00, 0x00, 
0x16, 0x01, 0x0f, 0x00, 0x15, 0x01, 0x1f, 0x00, 0x80, 0x40, 0x00, 0x00, 0x00, 0x4c, 0x02, 0x00, 
0x89, 0x01, 0x80, 0xff, 0x85, 0x01, 0x41, 0x00, 0x80, 0x01, 0x00, 0x00, 0x06, 0x00, 0x00, 0x00, 
0x00, 0x40, 0x00, 0x00, 0x00, 0x20, 0x06, 0x00, 0x0b, 0x01, 0x3f, 0x0c, 0x0c, 0x01, 0x3f, 0x0c, 
0x0a, 0x01, 0x17, 0x00, 0x04, 0x01, 0x00, 0x00, 0x06, 0x40, 0x00, 0x00, 0x01, 0x00, 0x00, 0x00, 
0x05, 0x40, 0x00, 0x00, 0x18, 0x00, 0x00, 0x00, 0x04, 0x40, 0x00, 0x00, 0x01, 0x00, 0x00, 0x00, 
0x09, 0x01, 0x00, 0x00, 0x05, 0x01, 0x01, 0x00, 0x10, 0x40, 0x00, 0x00, 0x00, 0x4c, 0x02, 0x00, 
0x1b, 0x01, 0x3f, 0x0c, 0x1c, 0x01, 0x3f, 0x0c, 0x1a, 0x01, 0x17, 0x00, 0x12, 0x01, 0x3f, 0x0c, 
0x11, 0x01, 0x17, 0x00, 0x13, 0x01, 0x00, 0x00, 0x15, 0x40, 0x00, 0x00, 0x01, 0x00, 0x00, 0x00, 
0x14, 0x40, 0x00, 0x00, 0x40, 0x0c, 0x00, 0x00, 0x18, 0x01, 0x00, 0x00, 0x16, 0x01, 0x05, 0x00, 
0x15, 0x01, 0x09, 0x00, 0x17, 0x01, 0x07, 0x00, 0x0d, 0x01, 0x0a, 0x00, 0x2d, 0x01, 0x1e, 0x00, 
0x24, 0x40, 0x1f, 0x00, 0x01, 0x00, 0x00, 0x80, 0x05, 0x00, 0x01, 0x00, 0x00, 0x40, 0x00, 0x00, 
0x00, 0x4c, 0x02, 0x00, 0x0b, 0x01, 0x17, 0x00, 0x0c, 0x01, 0x17, 0x00, 0x0a, 0x01, 0x37, 0x00, 
0x04, 0x01, 0x37, 0x00, 0x05, 0x40, 0x00, 0x00, 0x40, 0x0c, 0x00, 0x00, 0x04, 0x40, 0x00, 0x00, 
0x38, 0x00, 0x00, 0x00, 0x09, 0x01, 0x84, 0xff, 0x10, 0x40, 0x00, 0x00, 0x00, 0x26, 0x01, 0x00, 
0x1b, 0x01, 0x17, 0x00, 0x1c, 0x01, 0x17, 0x00, 0x1a, 0x01, 0x37, 0x00, 0x12, 0x01, 0x17, 0x00, 
0x11, 0x01, 0x37, 0x00, 0x13, 0x01, 0x37, 0x00, 0x15, 0x40, 0x00, 0x00, 0x40, 0x0c, 0x00, 0x00, 
0x14, 0x40, 0x00, 0x00, 0x38, 0x00, 0x00, 0x00, 0x18, 0x01, 0x84, 0xff, 0x14, 0x01, 0x01, 0x81, 
0x16, 0x01, 0x01, 0x00, 0x17, 0x01, 0x0f, 0x00, 0x2f, 0x01, 0x02, 0x00, 0x05, 0x00, 0x01, 0x00, 
0x00, 0x40, 0x00, 0x00, 0x00, 0x00, 0x00, 0x00, 0x0b, 0x01, 0x2f, 0x00, 0x0c, 0x01, 0x2f, 0x00, 
0x0a, 0x01, 0x3f, 0x0c, 0x04, 0x01, 0x00, 0x00, 0x04, 0x40, 0x00, 0x00, 0x01, 0x00, 0x00, 0x00, 
0x09, 0x01, 0x00, 0x00, 0x10, 0x40, 0x00, 0x00, 0x00, 0x4c, 0x02, 0x00, 0x1b, 0x01, 0x2f, 0x00, 
0x1c, 0x01, 0x2f, 0x00, 0x1a, 0x01, 0x3f, 0x0c, 0x12, 0x01, 0x2f, 0x00, 0x11, 0x01, 0x3f, 0x0c, 
0x13, 0x01, 0x00, 0x00, 0x15, 0x40, 0x00, 0x00, 0x01, 0x00, 0x00, 0x00, 0x14, 0x40, 0x00, 0x00, 
0x30, 0x00, 0x00, 0x00, 0x18, 0x01, 0x00, 0x00, 0x14, 0x01, 0x01, 0x01, 0x16, 0x01, 0x09, 0x00, 
0x15, 0x01, 0x05, 0x00, 0x17, 0x01, 0x07, 0x00, 0x2f, 0x01, 0x03, 0x00, 0x05, 0x00, 0x01, 0x00, 
0x00, 0x40, 0x00, 0x00, 0x00, 0x4c, 0x02, 0x00, 0x0b, 0x01, 0x37, 0x00, 0x0c, 0x01, 0x37, 0x00, 
0x0a, 0x01, 0x37, 0x00, 0x04, 0x01, 0x2f, 0x00, 0x05, 0x40, 0x00, 0x00, 0x80, 0x0a, 0x00, 0x00, 
0x04, 0x40, 0x00, 0x00, 0x30, 0x00, 0x00, 0x00, 0x09, 0x01, 0x84, 0xff, 0x10, 0x40, 0x00, 0x00, 
0x00, 0x00, 0x00, 0x00, 0x1b, 0x01, 0x37, 0x00, 0x1c, 0x01, 0x37, 0x00, 0x1a, 0x01, 0x37, 0x00, 
0x12, 0x01, 0x37, 0x00, 0x11, 0x01, 0x37, 0x00, 0x13, 0x01, 0x2f, 0x00, 0x16, 0x40, 0x00, 0x00, 
0x80, 0x03, 0x00, 0x00, 0x15, 0x40, 0x00, 0x00, 0x80, 0x0a, 0x00, 0x00, 0x14, 0x40, 0x00, 0x00, 
0x10, 0x00, 0x00, 0x00, 0x18, 0x01, 0x20, 0x00, 0x14, 0x01, 0x41, 0x00, 0x20, 0x40, 0x00, 0x00, 
0x30, 0x11, 0x02, 0x00, 0x21, 0x40, 0x00, 0x00, 0x30, 0x0a, 0x00, 0x00, 0x22, 0x40, 0x00, 0x00, 
0x50, 0x0f, 0x02, 0x00, 0x23, 0x40, 0x00, 0x00, 0xe0, 0x01, 0x00, 0x00, 0x16, 0x01, 0x05, 0x00, 
0x15, 0x01, 0x0d, 0x00, 0x17, 0x01, 0x2f, 0x00, 0x2d, 0x01, 0x0e, 0x00, 0x02, 0x00, 0x00, 0x00, 
0x30, 0x40, 0x00, 0x00, 0x10, 0x0f, 0x00, 0x00, 0x31, 0x40, 0x00, 0x00, 0x00, 0xbe, 0x00, 0x00, 
0x10, 0x00, 0x00, 0x00, 0x24, 0x40, 0x2d, 0x00, 0x00, 0x00, 0x00, 0x40, 0x00, 0x40, 0x00, 0x00, 
0x00, 0x00, 0x00, 0x00, 0x06, 0x40, 0x00, 0x00, 0x80, 0x03, 0x00, 0x00, 0x04, 0x40, 0x00, 0x00, 
0x10, 0x00, 0x00, 0x00, 0x09, 0x01, 0x20, 0x00, 0x05, 0x01, 0x41, 0x00, 0x10, 0x40, 0x00, 0x00, 
0x00, 0x4c, 0x02, 0x00, 0x14, 0x01, 0x41, 0x01, 0x25, 0x01, 0x16, 0x00, 0x16, 0x01, 0x1f, 0x00, 
0x15, 0x01, 0x27, 0x00, 0x17, 0x01, 0x0f, 0x00, 0x0d, 0x01, 0x2e, 0x00, 0x2d, 0x01, 0x2e, 0x00, 
0x89, 0x01, 0x00, 0x00, 0x85, 0x01, 0x01, 0x00, 0x80, 0x01, 0x80, 0x00, 0x11, 0x00, 0x00, 0x00, 
0x06, 0x00, 0x01, 0x00, 0x24, 0x40, 0x25, 0x00, 0x80, 0x73, 0x79, 0x54, 0x18, 0x01, 0x85, 0xff, 
0x25, 0x01, 0x00, 0x00, 0x16, 0x01, 0x0f, 0x00, 0x15, 0x01, 0x1f, 0x00, 0x85, 0x40, 0x00, 0x00, 
0x80, 0x0a, 0x00, 0x00, 0x89, 0x01, 0x80, 0xff, 0x85, 0x01, 0x41, 0x00, 0x80, 0x01, 0x00, 0x00, 
0x06, 0x00, 0x00, 0x00, 0x00, 0x40, 0x00, 0x00, 0x00, 0x4c, 0x02, 0x00, 0x09, 0x01, 0x85, 0xff, 
0x00, 0x01, 0x01, 0x00, 0x01, 0x01, 0x01, 0x00, 0x10, 0x40, 0x00, 0x00, 0x00, 0x00, 0x00, 0x00, 
0x1b, 0x01, 0x1b, 0x00, 0x1c, 0x01, 0x1b, 0x00, 0x1a, 0x01, 0x1b, 0x00, 0x12, 0x01, 0x1b, 0x00, 
0x11, 0x01, 0x1b, 0x00, 0x13, 0x01, 0x5f, 0x00, 0x16, 0x40, 0x00, 0x00, 0xc0, 0x01, 0x00, 0x00, 
0x18, 0x01, 0x27, 0x00, 0x14, 0x01, 0x41, 0x00, 0x21, 0x01, 0x02, 0x00, 0x20, 0x01, 0x02, 0x00, 
0x22, 0x01, 0x07, 0x00, 0x20, 0x40, 0x00, 0x00, 0x20, 0x1f, 0x02, 0x00, 0x21, 0x40, 0x00, 0x00, 
0xb0, 0xac, 0x00, 0x00, 0x22, 0x40, 0x00, 0x00, 0x60, 0x1b, 0x02, 0x00, 0x23, 0x40, 0x00, 0x00, 
0xc0, 0x03, 0x00, 0x00, 0x16, 0x01, 0x03, 0x00, 0x15, 0x01, 0x0f, 0x00, 0x17, 0x01, 0x1f, 0x00, 
0x0d, 0x01, 0x12, 0x00, 0x2d, 0x01, 0x1e, 0x00, 0x02, 0x00, 0x00, 0x00, 0x30, 0x40, 0x00, 0x00, 
0xe0, 0x13, 0x00, 0x00, 0x31, 0x40, 0x00, 0x00, 0x00, 0xbf, 0x00, 0x00, 0x10, 0x00, 0x00, 0x00, 
0x24, 0x40, 0x2d, 0x00, 0x00, 0x00, 0x00, 0x40, 0x00, 0x40, 0x00, 0x00, 0x00, 0x00, 0x00, 0x00, 
0x0b, 0x01, 0x1b, 0x00, 0x0c, 0x01, 0x1b, 0x00, 0x0a, 0x01, 0x1b, 0x00, 0x04, 0x01, 0x5f, 0x00, 
0x06, 0x40, 0x00, 0x00, 0xc0, 0x01, 0x00, 0x00, 0x09, 0x01, 0x27, 0x00, 0x10, 0x40, 0x00, 0x00, 
0x00, 0x26, 0x01, 0x00, 0x14, 0x01, 0x41, 0x01, 0x25, 0x01, 0x17, 0x00, 0x16, 0x01, 0x0f, 0x00, 
0x15, 0x01, 0x13, 0x00, 0x17, 0x01, 0x3f, 0x00, 0x0d, 0x01, 0x2e, 0x00, 0x2d, 0x01, 0x2e, 0x00, 
0x89, 0x01, 0x00, 0x00, 0x85, 0x01, 0x01, 0x00, 0x80, 0x01, 0x80, 0x00, 0x11, 0x00, 0x00, 0x00, 
0x06, 0x00, 0x01, 0x00, 0x24, 0x40, 0x25, 0x00, 0x00, 0xd0, 0x8e, 0x59, 0x18, 0x01, 0x88, 0xff, 
0x25, 0x01, 0x00, 0x00, 0x15, 0x01, 0x0f, 0x00, 0x17, 0x01, 0x1f, 0x00, 0x80, 0x40, 0x00, 0x00, 
0x00, 0x26, 0x01, 0x00, 0x8b, 0x01, 0x1b, 0x00, 0x8c, 0x01, 0x1b, 0x00, 0x8a, 0x01, 0x1b, 0x00, 
0x86, 0x40, 0x00, 0x00, 0xc0, 0x01, 0x00, 0x00, 0x89, 0x01, 0x80, 0xff, 0x85, 0x01, 0x41, 0x00, 
0x80, 0x01, 0x00, 0x00, 0x06, 0x00, 0x00, 0x00, 0x00, 0x40, 0x00, 0x00, 0x00, 0x26, 0x01, 0x00, 
0x09, 0x01, 0x88, 0xff, 0x00, 0x01, 0x00, 0x00, 0x01, 0x01, 0x00, 0x00, 0x10, 0x40, 0x00, 0x00, 
0x00, 0x00, 0x00, 0x00, 0x13, 0x01, 0x2f, 0x00, 0x15, 0x40, 0x00, 0x00, 0x40, 0x05, 0x00, 0x00, 
0x18, 0x01, 0x2e, 0x00, 0x14, 0x01, 0x41, 0x00, 0x21, 0x01, 0x00, 0x00, 0x20, 0x01, 0x00, 0x00, 
0x22, 0x01, 0x00, 0x00, 0x20, 0x40, 0x00, 0x00, 0xb0, 0xcd, 0x02, 0x00, 0x21, 0x40, 0x00, 0x00, 
0xa0, 0x10, 0x00, 0x00, 0x22, 0x40, 0x00, 0x00, 0xd0, 0xcb, 0x02, 0x00, 0x23, 0x40, 0x00, 0x00, 
0xe0, 0x01, 0x00, 0x00, 0x16, 0x01, 0x05, 0x00, 0x15, 0x01, 0x0d, 0x00, 0x17, 0x01, 0x2f, 0x00, 
0x0d, 0x01, 0x0a, 0x00, 0x2d, 0x01, 0x0e, 0x00, 0x02, 0x00, 0x00, 0x00, 0x30, 0x40, 0x00, 0x00, 
0xd0, 0x16, 0x00, 0x00, 0x31, 0x40, 0x00, 0x00, 0x00, 0xb8, 0x00, 0x00, 0x10, 0x00, 0x00, 0x00, 
0x24, 0x40, 0x2d, 0x00, 0x00, 0x00, 0x00, 0x40, 0x00, 0x40, 0x00, 0x00, 0x00, 0x00, 0x00, 0x00, 
0x04, 0x01, 0x2f, 0x00, 0x05, 0x40, 0x00, 0x00, 0x40, 0x05, 0x00, 0x00, 0x09, 0x01, 0x2e, 0x00, 
0x10, 0x40, 0x00, 0x00, 0x00, 0x93, 0x00, 0x00, 0x14, 0x01, 0x41, 0x01, 0x25, 0x01, 0x10, 0x00, 
0x16, 0x01, 0x17, 0x00, 0x15, 0x01, 0x19, 0x00, 0x17, 0x01, 0x1f, 0x00, 0x0d, 0x01, 0x2e, 0x00, 
0x2d, 0x01, 0x2e, 0x00, 0x89, 0x01, 0x00, 0x00, 0x85, 0x01, 0x01, 0x00, 0x80, 0x01, 0x80, 0x00, 
0x2f, 0x01, 0x02, 0x00, 0x11, 0x00, 0x00, 0x00, 0x06, 0x00, 0x01, 0x00, 0x24, 0x40, 0x25, 0x00, 
0x80, 0x17, 0x07, 0x60, 0x18, 0x01, 0x95, 0xff, 0x25, 0x01, 0x00, 0x00, 0x16, 0x01, 0x0f, 0x00, 
0x15, 0x01, 0x0f, 0x00, 0x80, 0x40, 0x00, 0x00, 0x00, 0x93, 0x00, 0x00, 0x85, 0x40, 0x00, 0x00, 
0x40, 0x05, 0x00, 0x00, 0x89, 0x01, 0x80, 0xff, 0x85, 0x01, 0x41, 0x00, 0x80, 0x01, 0x00, 0x00, 
0x2f, 0x01, 0x03, 0x00, 0x06, 0x00, 0x00, 0x00, 0x00, 0x40, 0x00, 0x00, 0x00, 0x93, 0x00, 0x00, 
0x09, 0x01, 0x95, 0xff, 0x10, 0x40, 0x00, 0x00, 0x00, 0x00, 0x00, 0x00, 0x18, 0x01, 0x0d, 0x00, 
0x14, 0x01, 0x41, 0x00, 0x20, 0x40, 0x00, 0x00, 0x30, 0xe0, 0x02, 0x00, 0x21, 0x40, 0x00, 0x00, 
0xa0, 0x0a, 0x00, 0x00, 0x22, 0x40, 0x00, 0x00, 0x50, 0xde, 0x02, 0x00, 0x16, 0x01, 0x05, 0x00, 
0x15, 0x01, 0x0d, 0x00, 0x17, 0x01, 0x2f, 0x00, 0x0d, 0x01, 0x0a, 0x00, 0x2d, 0x01, 0x0e, 0x00, 
0x02, 0x00, 0x00, 0x00, 0x30, 0x40, 0x00, 0x00, 0xc0, 0x19, 0x00, 0x00, 0x10, 0x00, 0x00, 0x00, 
0x24, 0x40, 0x2d, 0x00, 0x00, 0x00, 0x00, 0x40, 0x00, 0x40, 0x00, 0x00, 0x00, 0x00, 0x00, 0x00, 
0x09, 0x01, 0x0d, 0x00, 0x10, 0x40, 0x00, 0x00, 0x00, 0x4c, 0x02, 0x00, 0x14, 0x01, 0x41, 0x01, 
0x25, 0x01, 0x10, 0x00, 0x16, 0x01, 0x17, 0x00, 0x15, 0x01, 0x19, 0x00, 0x17, 0x01, 0x1f, 0x00, 
0x0d, 0x01, 0x2e, 0x00, 0x2d, 0x01, 0x2e, 0x00, 0x89, 0x01, 0x00, 0x00, 0x85, 0x01, 0x01, 0x00, 
0x80, 0x01, 0x80, 0x00, 0x2f, 0x01, 0x02, 0x00, 0x11, 0x00, 0x00, 0x00, 0x06, 0x00, 0x01, 0x00, 
0x24, 0x40, 0x25, 0x00, 0x80, 0xb8, 0xce, 0x44, 0x18, 0x01, 0x89, 0xff, 0x25, 0x01, 0x00, 0x00, 
0x16, 0x01, 0x0f, 0x00, 0x15, 0x01, 0x0f, 0x00, 0x80, 0x40, 0x00, 0x00, 0x00, 0x4c, 0x02, 0x00, 
0x89, 0x01, 0x80, 0xff, 0x85, 0x01, 0x41, 0x00, 0x80, 0x01, 0x00, 0x00, 0x2f, 0x01, 0x03, 0x00, 
0x06, 0x00, 0x00, 0x00, 0x00, 0x40, 0x00, 0x00, 0x00, 0x4c, 0x02, 0x00, 0x09, 0x01, 0x89, 0xff, 
0x00, 0x01, 0x01, 0x00, 0x01, 0x01, 0x01, 0x00, 0x03, 0x01, 0x01, 0x00, 0x02, 0x01, 0x01, 0x00, 
0x10, 0x40, 0x00, 0x00, 0x00, 0xdf, 0x02, 0x00, 0x18, 0x01, 0x1f, 0x00, 0x14, 0x01, 0x41, 0x00, 
0x21, 0x01, 0x02, 0x00, 0x20, 0x01, 0x02, 0x00, 0x22, 0x01, 0x04, 0x00, 0x20, 0x40, 0x00, 0x00, 
0xb0, 0xec, 0x02, 0x00, 0x21, 0x40, 0x00, 0x00, 0xe0, 0x56, 0x00, 0x00, 0x22, 0x40, 0x00, 0x00, 
0xd0, 0xea, 0x02, 0x00, 0x16, 0x01, 0x05, 0x00, 0x15, 0x01, 0x0d, 0x00, 0x17, 0x01, 0x2f, 0x00, 
0x0d, 0x01, 0x0a, 0x00, 0x2d, 0x01, 0x0e, 0x00, 0x02, 0x00, 0x00, 0x00, 0x30, 0x40, 0x00, 0x00, 
0xb0, 0x1c, 0x00, 0x00, 0x10, 0x00, 0x00, 0x00, 0x24, 0x40, 0x2d, 0x00, 0x00, 0x00, 0x00, 0x40, 
0x00, 0x40, 0x00, 0x00, 0x00, 0xdf, 0x02, 0x00, 0x09, 0x01, 0x1f, 0x00, 0x10, 0x40, 0x00, 0x00, 
0x00, 0x00, 0x00, 0x00, 0x14, 0x01, 0x41, 0x01, 0x25, 0x01, 0x10, 0x00, 0x16, 0x01, 0x17, 0x00, 
0x15, 0x01, 0x19, 0x00, 0x17, 0x01, 0x1f, 0x00, 0x0d, 0x01, 0x2e, 0x00, 0x2d, 0x01, 0x2e, 0x00, 
0x89, 0x01, 0x00, 0x00, 0x85, 0x01, 0x01, 0x00, 0x80, 0x01, 0x80, 0x00, 0x2f, 0x01, 0x02, 0x00, 
0x11, 0x00, 0x00, 0x00, 0x06, 0x00, 0x01, 0x00, 0x24, 0x40, 0x25, 0x00, 0x00, 0xa1, 0x99, 0x43, 
0x18, 0x01, 0x9a, 0xff, 0x25, 0x01, 0x00, 0x00, 0x16, 0x01, 0x0f, 0x00, 0x15, 0x01, 0x0f, 0x00, 
0x80, 0x40, 0x00, 0x00, 0x00, 0x00, 0x00, 0x00, 0x89, 0x01, 0x80, 0xff, 0x85, 0x01, 0x41, 0x00, 
0x80, 0x01, 0x00, 0x00, 0x2f, 0x01, 0x03, 0x00, 0x06, 0x00, 0x00, 0x00, 0x25, 0x40, 0x0c, 0x00, 
0xf4, 0xad, 0x1b, 0x51, 0x26, 0x40, 0x00, 0x00, 0x00, 0x00, 0x00, 0x00, 0x24, 0x40, 0x31, 0x00, 
0x00, 0x00, 0x00, 0x40, 0x00, 0x40, 0x00, 0x00, 0x00, 0x00, 0x00, 0x00, 0x09, 0x01, 0x9a, 0xff, 
0x05, 0x01, 0x41, 0x02, 0x80, 0x40, 0x00, 0x00, 0x00, 0x93, 0x00, 0x00, 0x89, 0x01, 0x95, 0xff, 
0x06, 0x00, 0x01, 0x00, 0x05, 0x01, 0x41, 0x00, 0x00, 0x01, 0x00, 0x00, 0x01, 0x01, 0x00, 0x00, 
0x03, 0x01, 0x00, 0x00, 0x02, 0x01, 0x00, 0x00, 0x10, 0x40, 0x00, 0x00, 0x00, 0x93, 0x00, 0x00, 
0x18, 0x01, 0x19, 0x00, 0x14, 0x01, 0x41, 0x00, 0x21, 0x01, 0x00, 0x00, 0x20, 0x01, 0x00, 0x00, 
0x22, 0x01, 0x00, 0x00, 0x20, 0x40, 0x00, 0x00, 0x70, 0x45, 0x03, 0x00, 0x21, 0x40, 0x00, 0x00, 
0x50, 0x0a, 0x00, 0x00, 0x22, 0x40, 0x00, 0x00, 0x90, 0x43, 0x03, 0x00, 0x16, 0x01, 0x05, 0x00, 
0x15, 0x01, 0x0d, 0x00, 0x17, 0x01, 0x2f, 0x00, 0x0d, 0x01, 0x0a, 0x00, 0x2d, 0x01, 0x0e, 0x00, 
0x02, 0x00, 0x00, 0x00, 0x30, 0x40, 0x00, 0x00, 0xa0, 0x1f, 0x00, 0x00, 0x10, 0x00, 0x00, 0x00, 
0x25, 0x40, 0x00, 0x00, 0x00, 0x80, 0x00, 0x00, 0x26, 0x40, 0x00, 0x00, 0x00, 0x80, 0x00, 0x00, 
0x24, 0x40, 0x2d, 0x00, 0x00, 0x00, 0x00, 0x40, 0x00, 0x40, 0x00, 0x00, 0x00, 0x93, 0x00, 0x00, 
0x09, 0x01, 0x19, 0x00, 0x10, 0x40, 0x00, 0x00, 0x00, 0x4c, 0x02, 0x00, 0x14, 0x01, 0x41, 0x01, 
0x25, 0x01, 0x10, 0x00, 0x16, 0x01, 0x17, 0x00, 0x15, 0x01, 0x19, 0x00, 0x17, 0x01, 0x1f, 0x00, 
0x0d, 0x01, 0x2e, 0x00, 0x2d, 0x01, 0x2e, 0x00, 0x89, 0x01, 0x00, 0x00, 0x85, 0x01, 0x01, 0x00, 
0x80, 0x01, 0x80, 0x00, 0x2f, 0x01, 0x02, 0x00, 0x11, 0x00, 0x00, 0x00, 0x06, 0x00, 0x01, 0x00, 
0x24, 0x40, 0x25, 0x00, 0x80, 0xad, 0x4e, 0x4d, 0x18, 0x01, 0x89, 0xff, 0x25, 0x01, 0x00, 0x00, 
0x16, 0x01, 0x0f, 0x00, 0x15, 0x01, 0x0f, 0x00, 0x80, 0x40, 0x00, 0x00, 0x00, 0x4c, 0x02, 0x00, 
0x89, 0x01, 0x80, 0xff, 0x85, 0x01, 0x41, 0x00, 0x80, 0x01, 0x00, 0x00, 0x2f, 0x01, 0x03, 0x00, 
0x06, 0x00, 0x00, 0x00, 0x00, 0x40, 0x00, 0x00, 0x00, 0x4c, 0x02, 0x00, 0x09, 0x01, 0x89, 0xff, 
0x00, 0x01, 0x01, 0x00, 0x01, 0x01, 0x01, 0x00, 0x03, 0x01, 0x01, 0x00, 0x02, 0x01, 0x01, 0x00, 
0x10, 0x40, 0x00, 0x00, 0x00, 0xdf, 0x02, 0x00, 0x18, 0x01, 0x0a, 0x00, 0x14, 0x01, 0x41, 0x00, 
0x21, 0x01, 0x02, 0x00, 0x20, 0x01, 0x02, 0x00, 0x22, 0x01, 0x04, 0x00, 0x20, 0x40, 0x00, 0x00, 
0xa0, 0x51, 0x03, 0x00, 0x21, 0x40, 0x00, 0x00, 0x70, 0x53, 0x00, 0x00, 0x22, 0x40, 0x00, 0x00, 
0xc0, 0x4f, 0x03, 0x00, 0x16, 0x01, 0x05, 0x00, 0x15, 0x01, 0x0d, 0x00, 0x17, 0x01, 0x2f, 0x00, 
0x0d, 0x01, 0x0a, 0x00, 0x2d, 0x01, 0x0e, 0x00, 0x02, 0x00, 0x00, 0x00, 0x30, 0x40, 0x00, 0x00, 
0x90, 0x22, 0x00, 0x00, 0x10, 0x00, 0x00, 0x00, 0x24, 0x40, 0x2d, 0x00, 0x00, 0x00, 0x00, 0x40, 
0x00, 0x40, 0x00, 0x00, 0x00, 0xdf, 0x02, 0x00, 0x09, 0x01, 0x0a, 0x00, 0x10, 0x40, 0x00, 0x00, 
0x00, 0x93, 0x00, 0x00, 0x14, 0x01, 0x41, 0x01, 0x25, 0x01, 0x10, 0x00, 0x16, 0x01, 0x17, 0x00, 
0x15, 0x01, 0x19, 0x00, 0x17, 0x01, 0x1f, 0x00, 0x0d, 0x01, 0x2e, 0x00, 0x2d, 0x01, 0x2e, 0x00, 
0x89, 0x01, 0x00, 0x00, 0x85, 0x01, 0x01, 0x00, 0x80, 0x01, 0x80, 0x00, 0x2f, 0x01, 0x02, 0x00, 
0x11, 0x00, 0x00, 0x00, 0x06, 0x00, 0x01, 0x00, 0x24, 0x40, 0x26, 0x00, 0x80, 0x16, 0xf9, 0x5a, 
0x18, 0x01, 0x96, 0xff, 0x25, 0x01, 0x00, 0x00, 0x16, 0x01, 0x0f, 0x00, 0x15, 0x01, 0x0f, 0x00, 
0x80, 0x40, 0x00, 0x00, 0x00, 0x93, 0x00, 0x00, 0x89, 0x01, 0x80, 0xff, 0x85, 0x01, 0x41, 0x00, 
0x80, 0x01, 0x00, 0x00, 0x2f, 0x01, 0x03, 0x00, 0x06, 0x00, 0x00, 0x00, 0x25, 0x40, 0x0c, 0x00, 
0xf8, 0x6b, 0xb5, 0x47, 0x26, 0x40, 0x00, 0x00, 0x00, 0x00, 0x00, 0x00, 0x24, 0x40, 0x31, 0x00, 
0x00, 0x00, 0x00, 0x40, 0x00, 0x40, 0x00, 0x00, 0x00, 0x93, 0x00, 0x00, 0x09, 0x01, 0x96, 0xff, 
0x05, 0x01, 0x41, 0x02, 0x80, 0x40, 0x00, 0x00, 0x00, 0x00, 0x00, 0x00, 0x89, 0x01, 0x9a, 0xff, 
0x06, 0x00, 0x01, 0x00, 0x05, 0x01, 0x41, 0x00, 0x00, 0x01, 0x00, 0x00, 0x01, 0x01, 0x00, 0x00, 
0x03, 0x01, 0x00, 0x00, 0x02, 0x01, 0x00, 0x00, 0x10, 0x40, 0x00, 0x00, 0x00, 0x00, 0x00, 0x00, 
0x18, 0x01, 0x04, 0x00, 0x14, 0x01, 0x41, 0x00, 0x21, 0x01, 0x00, 0x00, 0x20, 0x01, 0x00, 0x00, 
0x22, 0x01, 0x00, 0x00, 0x20, 0x40, 0x00, 0x00, 0xf0, 0xa6, 0x03, 0x00, 0x21, 0x40, 0x00, 0x00, 
0x70, 0x0a, 0x00, 0x00, 0x22, 0x40, 0x00, 0x00, 0x10, 0xa5, 0x03, 0x00, 0x16, 0x01, 0x05, 0x00, 
0x15, 0x01, 0x0d, 0x00, 0x17, 0x01, 0x2f, 0x00, 0x0d, 0x01, 0x0a, 0x00, 0x2d, 0x01, 0x0e, 0x00, 
0x02, 0x00, 0x00, 0x00, 0x30, 0x40, 0x00, 0x00, 0x80, 0x25, 0x00, 0x00, 0x10, 0x00, 0x00, 0x00, 
0x25, 0x40, 0x00, 0x00, 0x00, 0x80, 0x00, 0x00, 0x26, 0x40, 0x00, 0x00, 0x00, 0x80, 0x00, 0x00, 
0x24, 0x40, 0x2d, 0x00, 0x00, 0x00, 0x00, 0x40, 0x00, 0x40, 0x00, 0x00, 0x00, 0x00, 0x00, 0x00, 
0x09, 0x01, 0x04, 0x00, 0x10, 0x40, 0x00, 0x00, 0x00, 0x4c, 0x02, 0x00, 0x14, 0x01, 0x41, 0x01, 
0x25, 0x01, 0x10, 0x00, 0x16, 0x01, 0x17, 0x00, 0x15, 0x01, 0x19, 0x00, 0x17, 0x01, 0x1f, 0x00, 
0x0d, 0x01, 0x2e, 0x00, 0x2d, 0x01, 0x2e, 0x00, 0x89, 0x01, 0x00, 0x00, 0x85, 0x01, 0x01, 0x00, 
0x80, 0x01, 0x80, 0x00, 0x2f, 0x01, 0x02, 0x00, 0x11, 0x00, 0x00, 0x00, 0x06, 0x00, 0x01, 0x00, 
0x24, 0x40, 0x26, 0x00, 0x00, 0x96, 0xfd, 0x7f, 0x18, 0x01, 0x8a, 0xff, 0x25, 0x01, 0x00, 0x00, 
0x16, 0x01, 0x0f, 0x00, 0x15, 0x01, 0x0f, 0x00, 0x80, 0x40, 0x00, 0x00, 0x00, 0x4c, 0x02, 0x00, 
0x89, 0x01, 0x80, 0xff, 0x85, 0x01, 0x41, 0x00, 0x80, 0x01, 0x00, 0x00, 0x2f, 0x01, 0x03, 0x00, 
0x06, 0x00, 0x00, 0x00, 0x00, 0x40, 0x00, 0x00, 0x00, 0x4c, 0x02, 0x00, 0x09, 0x01, 0x8a, 0xff, 
0x00, 0x01, 0x01, 0x00, 0x01, 0x01, 0x01, 0x00, 0x03, 0x01, 0x01, 0x00, 0x02, 0x01, 0x01, 0x00, 
0x10, 0x40, 0x00, 0x00, 0x00, 0x00, 0x00, 0x00, 0x18, 0x01, 0x04, 0x00, 0x14, 0x01, 0x41, 0x00, 
0x21, 0x01, 0x02, 0x00, 0x20, 0x01, 0x02, 0x00, 0x22, 0x01, 0x04, 0x00, 0x20, 0x40, 0x00, 0x00, 
0x40, 0xb3, 0x03, 0x00, 0x21, 0x40, 0x00, 0x00, 0xd0, 0x54, 0x00, 0x00, 0x22, 0x40, 0x00, 0x00, 
0x60, 0xb1, 0x03, 0x00, 0x16, 0x01, 0x05, 0x00, 0x15, 0x01, 0x0d, 0x00, 0x17, 0x01, 0x2f, 0x00, 
0x0d, 0x01, 0x0a, 0x00, 0x2d, 0x01, 0x0e, 0x00, 0x02, 0x00, 0x00, 0x00, 0x30, 0x40, 0x00, 0x00, 
0x70, 0x28, 0x00, 0x00, 0x10, 0x00, 0x00, 0x00, 0x24, 0x40, 0x2d, 0x00, 0x00, 0x00, 0x00, 0x40, 
0x00, 0x40, 0x00, 0x00, 0x00, 0x00, 0x00, 0x00, 0x09, 0x01, 0x04, 0x00, 0x10, 0x40, 0x00, 0x00, 
0x00, 0x4c, 0x02, 0x00, 0x14, 0x01, 0x41, 0x01, 0x25, 0x01, 0x10, 0x00, 0x16, 0x01, 0x17, 0x00, 
0x15, 0x01, 0x19, 0x00, 0x17, 0x01, 0x1f, 0x00, 0x0d, 0x01, 0x2e, 0x00, 0x2d, 0x01, 0x2e, 0x00, 
0x89, 0x01, 0x00, 0x00, 0x85, 0x01, 0x01, 0x00, 0x80, 0x01, 0x80, 0x00, 0x2f, 0x01, 0x02, 0x00, 
0x11, 0x00, 0x00, 0x00, 0x06, 0x00, 0x01, 0x00, 0x24, 0x40, 0x26, 0x00, 0x00, 0xaf, 0xf9, 0x49, 
0x18, 0x01, 0x94, 0xff, 0x25, 0x01, 0x00, 0x00, 0x16, 0x01, 0x0f, 0x00, 0x15, 0x01, 0x0f, 0x00, 
0x89, 0x01, 0x80, 0xff, 0x85, 0x01, 0x41, 0x00, 0x80, 0x01, 0x00, 0x00, 0x2f, 0x01, 0x03, 0x00, 
0x06, 0x00, 0x00, 0x00, 0x25, 0x40, 0x0c, 0x00, 0xf4, 0xd7, 0xd1, 0x54, 0x26, 0x40, 0x00, 0x00, 
0x00, 0x00, 0x00, 0x00, 0x24, 0x40, 0x31, 0x00, 0x00, 0x00, 0x00, 0x40, 0x00, 0x40, 0x00, 0x00, 
0x00, 0x4c, 0x02, 0x00, 0x09, 0x01, 0x94, 0xff, 0x05, 0x01, 0x41, 0x02, 0x10, 0x40, 0x00, 0x00, 
0x00, 0x00, 0x00, 0x00, 0x16, 0x40, 0x00, 0x00, 0x01, 0x00, 0x00, 0x00, 0x14, 0x40, 0x00, 0x00, 
0x30, 0x00, 0x00, 0x00, 0x14, 0x01, 0x01, 0x01, 0x80, 0x40, 0x00, 0x00, 0x00, 0x93, 0x00, 0x00, 
0x89, 0x01, 0x96, 0xff, 0x06, 0x00, 0x01, 0x00, 0x00, 0x40, 0x00, 0x00, 0x00, 0x00, 0x00, 0x00, 
0x0b, 0x01, 0x0f, 0x03, 0x0c, 0x01, 0x0f, 0x03, 0x0a, 0x01, 0x2f, 0x00, 0x04, 0x01, 0x00, 0x00, 
0x06, 0x40, 0x00, 0x00, 0x01, 0x00, 0x00, 0x00, 0x05, 0x40, 0x00, 0x00, 0x30, 0x00, 0x00, 0x00, 
0x04, 0x40, 0x00, 0x00, 0x01, 0x00, 0x00, 0x00, 0x09, 0x01, 0x00, 0x00, 0x05, 0x01, 0x01, 0x00, 
0x00, 0x01, 0x00, 0x00, 0x01, 0x01, 0x00, 0x00, 0x03, 0x01, 0x00, 0x00, 0x02, 0x01, 0x00, 0x00, 
0x10, 0x40, 0x00, 0x00, 0x00, 0x4c, 0x02, 0x00, 0x1b, 0x01, 0x0f, 0x03, 0x1c, 0x01, 0x0f, 0x03, 
0x1a, 0x01, 0x2f, 0x00, 0x12, 0x01, 0x0f, 0x03, 0x11, 0x01, 0x2f, 0x00, 0x13, 0x01, 0x00, 0x00, 
0x15, 0x40, 0x00, 0x00, 0x01, 0x00, 0x00, 0x00, 0x14, 0x40, 0x00, 0x00, 0x10, 0x03, 0x00, 0x00, 
0x18, 0x01, 0x00, 0x00, 0x21, 0x01, 0x00, 0x00, 0x20, 0x01, 0x00, 0x00, 0x22, 0x01, 0x00, 0x00, 
0x16, 0x01, 0x05, 0x00, 0x15, 0x01, 0x09, 0x00, 0x17, 0x01, 0x07, 0x00, 0x0d, 0x01, 0x0a, 0x00, 
0x2d, 0x01, 0x1e, 0x00, 0x24, 0x40, 0x1f, 0x00, 0x01, 0x00, 0x00, 0x80, 0x05, 0x00, 0x01, 0x00, 
0x00, 0x40, 0x00, 0x00, 0x00, 0x4c, 0x02, 0x00, 0x0b, 0x01, 0x2f, 0x00, 0x0c, 0x01, 0x2f, 0x00, 
0x0a, 0x01, 0x1b, 0x00, 0x04, 0x01, 0x1b, 0x00, 0x05, 0x40, 0x00, 0x00, 0x10, 0x03, 0x00, 0x00, 
0x04, 0x40, 0x00, 0x00, 0x1c, 0x00, 0x00, 0x00, 0x09, 0x01, 0x94, 0xff, 0x10, 0x40, 0x00, 0x00, 
0x00, 0x00, 0x00, 0x00, 0x1b, 0x01, 0x2f, 0x00, 0x1c, 0x01, 0x2f, 0x00, 0x1a, 0x01, 0x1b, 0x00, 
0x12, 0x01, 0x2f, 0x00, 0x11, 0x01, 0x1b, 0x00, 0x13, 0x01, 0x1b, 0x00, 0x15, 0x40, 0x00, 0x00, 
0x10, 0x03, 0x00, 0x00, 0x14, 0x40, 0x00, 0x00, 0x1c, 0x00, 0x00, 0x00, 0x18, 0x01, 0x94, 0xff, 
0x14, 0x01, 0x01, 0x81, 0x16, 0x01, 0x01, 0x00, 0x17, 0x01, 0x0f, 0x00, 0x05, 0x00, 0x01, 0x00, 
0x00, 0x40, 0x00, 0x00, 0x00, 0x26, 0x01, 0x00, 0x0b, 0x01, 0x1b, 0x00, 0x0c, 0x01, 0x1b, 0x00, 
0x04, 0x01, 0x5f, 0x00, 0x06, 0x40, 0x00, 0x00, 0xc0, 0x01, 0x00, 0x00, 0x05, 0x40, 0x00, 0x00, 
0x80, 0x0a, 0x00, 0x00, 0x04, 0x40, 0x00, 0x00, 0x10, 0x00, 0x00, 0x00, 0x09, 0x01, 0x88, 0xff, 
0x05, 0x01, 0x41, 0x00, 0x10, 0x40, 0x00, 0x00, 0x00, 0x4c, 0x02, 0x00, 0x1b, 0x01, 0x1b, 0x00, 
0x1c, 0x01, 0x1b, 0x00, 0x12, 0x01, 0x1b, 0x00, 0x13, 0x01, 0x2f, 0x00, 0x16, 0x40, 0x00, 0x00, 
0xc0, 0x01, 0x00, 0x00, 0x15, 0x40, 0x00, 0x00, 0x40, 0x05, 0x00, 0x00, 0x14, 0x40, 0x00, 0x00, 
0x10, 0x00, 0x00, 0x00, 0x18, 0x01, 0x18, 0x00, 0x14, 0x01, 0x41, 0x00, 0x20, 0x40, 0x00, 0x00, 
0xf0, 0x09, 0x04, 0x00, 0x21, 0x40, 0x00, 0x00, 0xf0, 0x10, 0x00, 0x00, 0x22, 0x40, 0x00, 0x00, 
0x10, 0x08, 0x04, 0x00, 0x16, 0x01, 0x05, 0x00, 0x15, 0x01, 0x0d, 0x00, 0x17, 0x01, 0x2f, 0x00, 
0x2d, 0x01, 0x0e, 0x00, 0x02, 0x00, 0x00, 0x00, 0x30, 0x40, 0x00, 0x00, 0x70, 0x2b, 0x00, 0x00, 
0x10, 0x00, 0x00, 0x00, 0x25, 0x40, 0x00, 0x00, 0x00, 0x80, 0x00, 0x00, 0x26, 0x40, 0x00, 0x00, 
0x00, 0x80, 0x00, 0x00, 0x24, 0x40, 0x2d, 0x00, 0x00, 0x00, 0x00, 0x40, 0x00, 0x40, 0x00, 0x00, 
0x00, 0x4c, 0x02, 0x00, 0x04, 0x01, 0x2f, 0x00, 0x05, 0x40, 0x00, 0x00, 0x40, 0x05, 0x00, 0x00, 
0x09, 0x01, 0x18, 0x00, 0x10, 0x40, 0x00, 0x00, 0x00, 0x26, 0x01, 0x00, 0x14, 0x01, 0x41, 0x01, 
0x25, 0x01, 0x10, 0x00, 0x16, 0x01, 0x17, 0x00, 0x15, 0x01, 0x19, 0x00, 0x17, 0x01, 0x1f, 0x00, 
0x0d, 0x01, 0x2e, 0x00, 0x2d, 0x01, 0x2e, 0x00, 0x89, 0x01, 0x00, 0x00, 0x85, 0x01, 0x01, 0x00, 
0x80, 0x01, 0x80, 0x00, 0x2f, 0x01, 0x02, 0x00, 0x11, 0x00, 0x00, 0x00, 0x06, 0x00, 0x01, 0x00, 
0x24, 0x40, 0x26, 0x00, 0x80, 0xb7, 0x99, 0x5a, 0x10, 0x40, 0x00, 0x00, 0x00, 0xb9, 0x01, 0x00, 
0x16, 0x40, 0x00, 0x00, 0x01, 0x00, 0x00, 0x00, 0x14, 0x40, 0x00, 0x00, 0x30, 0x00, 0x00, 0x00, 
0x18, 0x01, 0x94, 0xff, 0x14, 0x01, 0x01, 0x01, 0x25, 0x01, 0x00, 0x00, 0x16, 0x01, 0x0f, 0x00, 
0x15, 0x01, 0x0f, 0x00, 0x80, 0x40, 0x00, 0x00, 0x00, 0x26, 0x01, 0x00, 0x89, 0x01, 0x80, 0xff, 
0x85, 0x01, 0x41, 0x00, 0x80, 0x01, 0x00, 0x00, 0x2f, 0x01, 0x03, 0x00, 0x06, 0x00, 0x00, 0x00, 
0x00, 0x40, 0x00, 0x00, 0x00, 0xb9, 0x01, 0x00, 0x0b, 0x01, 0x0f, 0x03, 0x0c, 0x01, 0x0f, 0x03, 
0x0a, 0x01, 0x2f, 0x00, 0x04, 0x01, 0x00, 0x00, 0x06, 0x40, 0x00, 0x00, 0x01, 0x00, 0x00, 0x00, 
0x05, 0x40, 0x00, 0x00, 0x30, 0x00, 0x00, 0x00, 0x04, 0x40, 0x00, 0x00, 0x01, 0x00, 0x00, 0x00, 
0x09, 0x01, 0x00, 0x00, 0x05, 0x01, 0x01, 0x00, 0x10, 0x40, 0x00, 0x00, 0x00, 0x26, 0x01, 0x00, 
0x1b, 0x01, 0x0f, 0x03, 0x1c, 0x01, 0x0f, 0x03, 0x1a, 0x01, 0x2f, 0x00, 0x12, 0x01, 0x0f, 0x03, 
0x11, 0x01, 0x2f, 0x00, 0x13, 0x01, 0x00, 0x00, 0x15, 0x40, 0x00, 0x00, 0x01, 0x00, 0x00, 0x00, 
0x14, 0x40, 0x00, 0x00, 0x10, 0x03, 0x00, 0x00, 0x18, 0x01, 0x00, 0x00, 0x16, 0x01, 0x05, 0x00, 
0x15, 0x01, 0x09, 0x00, 0x17, 0x01, 0x07, 0x00, 0x0d, 0x01, 0x0a, 0x00, 0x2d, 0x01, 0x1e, 0x00, 
0x24, 0x40, 0x1f, 0x00, 0x01, 0x00, 0x00, 0x80, 0x05, 0x00, 0x01, 0x00, 0x00, 0x40, 0x00, 0x00, 
0x00, 0x26, 0x01, 0x00, 0x0b, 0x01, 0x2f, 0x00, 0x0c, 0x01, 0x2f, 0x00, 0x0a, 0x01, 0x1b, 0x00, 
0x04, 0x01, 0x1b, 0x00, 0x05, 0x40, 0x00, 0x00, 0x10, 0x03, 0x00, 0x00, 0x04, 0x40, 0x00, 0x00, 
0x1c, 0x00, 0x00, 0x00, 0x09, 0x01, 0x94, 0xff, 0x10, 0x40, 0x00, 0x00, 0x00, 0x93, 0x00, 0x00, 
0x1b, 0x01, 0x2f, 0x00, 0x1c, 0x01, 0x2f, 0x00, 0x1a, 0x01, 0x1b, 0x00, 0x12, 0x01, 0x2f, 0x00, 
0x11, 0x01, 0x1b, 0x00, 0x13, 0x01, 0x1b, 0x00, 0x15, 0x40, 0x00, 0x00, 0x10, 0x03, 0x00, 0x00, 
0x14, 0x40, 0x00, 0x00, 0x1c, 0x00, 0x00, 0x00, 0x18, 0x01, 0x94, 0xff, 0x14, 0x01, 0x01, 0x81, 
0x16, 0x01, 0x01, 0x00, 0x17, 0x01, 0x0f, 0x00, 0x05, 0x00, 0x01, 0x00, 0x00, 0x40, 0x00, 0x00, 
0x00, 0x00, 0x00, 0x00, 0x0b, 0x01, 0x5f, 0x00, 0x0c, 0x01, 0x5f, 0x00, 0x0a, 0x01, 0x0f, 0x03, 
0x04, 0x01, 0x00, 0x00, 0x04, 0x40, 0x00, 0x00, 0x01, 0x00, 0x00, 0x00, 0x09, 0x01, 0x00, 0x00, 
0x10, 0x40, 0x00, 0x00, 0x40, 0xba, 0x02, 0x00, 0x1b, 0x01, 0x5f, 0x00, 0x1c, 0x01, 0x5f, 0x00, 
0x1a, 0x01, 0x0f, 0x03, 0x12, 0x01, 0x5f, 0x00, 0x11, 0x01, 0x0f, 0x03, 0x13, 0x01, 0x00, 0x00, 
0x15, 0x40, 0x00, 0x00, 0x01, 0x00, 0x00, 0x00, 0x14, 0x40, 0x00, 0x00, 0x60, 0x00, 0x00, 0x00, 
0x18, 0x01, 0x00, 0x00, 0x14, 0x01, 0x01, 0x01, 0x16, 0x01, 0x09, 0x00, 0x15, 0x01, 0x05, 0x00, 
0x17, 0x01, 0x07, 0x00, 0x05, 0x00, 0x01, 0x00, 0x00, 0x40, 0x00, 0x00, 0x40, 0xba, 0x02, 0x00, 
0x0b, 0x01, 0x1b, 0x00, 0x0c, 0x01, 0x1b, 0x00, 0x0a, 0x01, 0x1b, 0x00, 0x04, 0x01, 0x5f, 0x00, 
0x05, 0x40, 0x00, 0x00, 0x80, 0x0a, 0x00, 0x00, 0x04, 0x40, 0x00, 0x00, 0x60, 0x00, 0x00, 0x00, 
0x09, 0x01, 0x94, 0xff, 0x10, 0x40, 0x00, 0x00, 0x40, 0x94, 0x01, 0x00, 0x1b, 0x01, 0x1b, 0x00, 
0x1c, 0x01, 0x1b, 0x00, 0x1a, 0x01, 0x1b, 0x00, 0x12, 0x01, 0x1b, 0x00, 0x11, 0x01, 0x1b, 0x00, 
0x13, 0x01, 0x5f, 0x00, 0x16, 0x40, 0x00, 0x00, 0xc0, 0x01, 0x00, 0x00, 0x15, 0x40, 0x00, 0x00, 
0x80, 0x0a, 0x00, 0x00, 0x14, 0x40, 0x00, 0x00, 0x10, 0x00, 0x00, 0x00, 0x18, 0x01, 0xf5, 0xff, 
0x14, 0x01, 0x41, 0x00, 0x20, 0x40, 0x00, 0x00, 0xa0, 0x1e, 0x04, 0x00, 0x21, 0x40, 0x00, 0x00, 
0xd0, 0x20, 0x00, 0x00, 0x22, 0x40, 0x00, 0x00, 0xe0, 0x1a, 0x04, 0x00, 0x23, 0x40, 0x00, 0x00, 
0xc0, 0x03, 0x00, 0x00, 0x16, 0x01, 0x05, 0x00, 0x15, 0x01, 0x0d, 0x00, 0x17, 0x01, 0x2f, 0x00, 
0x2d, 0x01, 0x0e, 0x00, 0x02, 0x00, 0x00, 0x00, 0x30, 0x40, 0x00, 0x00, 0x60, 0x30, 0x00, 0x00, 
0x10, 0x00, 0x00, 0x00, 0x24, 0x40, 0x2d, 0x00, 0x00, 0x00, 0x00, 0x40, 0x00, 0x40, 0x00, 0x00, 
0x40, 0x94, 0x01, 0x00, 0x06, 0x40, 0x00, 0x00, 0xc0, 0x01, 0x00, 0x00, 0x04, 0x40, 0x00, 0x00, 
0x10, 0x00, 0x00, 0x00, 0x09, 0x01, 0xf5, 0xff, 0x05, 0x01, 0x41, 0x00, 0x10, 0x40, 0x00, 0x00, 
0x40, 0x6e, 0x00, 0x00, 0x14, 0x01, 0x41, 0x01, 0x25, 0x01, 0x10, 0x00, 0x16, 0x01, 0x0f, 0x00, 
0x15, 0x01, 0x13, 0x00, 0x17, 0x01, 0x3f, 0x00, 0x0d, 0x01, 0x2e, 0x00, 0x2d, 0x01, 0x2e, 0x00, 
0x89, 0x01, 0x00, 0x00, 0x85, 0x01, 0x01, 0x00, 0x80, 0x01, 0x80, 0x00, 0x11, 0x00, 0x00, 0x00, 
0x06, 0x00, 0x01, 0x00, 0x24, 0x40, 0x26, 0x00, 0x80, 0x73, 0x9e, 0x72, 0x18, 0x01, 0x87, 0xff, 
0x25, 0x01, 0x00, 0x00, 0x15, 0x01, 0x0f, 0x00, 0x17, 0x01, 0x1f, 0x00, 0x80, 0x40, 0x00, 0x00, 
0x40, 0x6e, 0x00, 0x00, 0x85, 0x40, 0x00, 0x00, 0x80, 0x0a, 0x00, 0x00, 0x89, 0x01, 0x80, 0xff, 
0x85, 0x01, 0x41, 0x00, 0x80, 0x01, 0x00, 0x00, 0x06, 0x00, 0x00, 0x00, 0x00, 0x40, 0x00, 0x00, 
0x40, 0x6e, 0x00, 0x00, 0x09, 0x01, 0x87, 0xff, 0x00, 0x01, 0x01, 0x00, 0x01, 0x01, 0x01, 0x00, 
0x10, 0x40, 0x00, 0x00, 0x40, 0x27, 0x02, 0x00, 0x1b, 0x01, 0x0d, 0x00, 0x1c, 0x01, 0x0d, 0x00, 
0x1a, 0x01, 0x0d, 0x00, 0x12, 0x01, 0x0d, 0x00, 0x11, 0x01, 0x0d, 0x00, 0x13, 0x01, 0xbf, 0x00, 
0x16, 0x40, 0x00, 0x00, 0xe0, 0x00, 0x00, 0x00, 0x18, 0x01, 0x0a, 0x00, 0x14, 0x01, 0x41, 0x00, 
0x21, 0x01, 0x02, 0x00, 0x20, 0x01, 0x02, 0x00, 0x22, 0x01, 0x03, 0x00, 0x20, 0x40, 0x00, 0x00, 
0xf0, 0x46, 0x04, 0x00, 0x21, 0x40, 0x00, 0x00, 0x30, 0x55, 0x02, 0x00, 0x22, 0x40, 0x00, 0x00, 
0x70, 0x3f, 0x04, 0x00, 0x23, 0x40, 0x00, 0x00, 0x80, 0x07, 0x00, 0x00, 0x16, 0x01, 0x07, 0x00, 
0x15, 0x01, 0x07, 0x00, 0x0d, 0x01, 0x1a, 0x00, 0x2d, 0x01, 0x1e, 0x00, 0x2f, 0x01, 0x02, 0x00, 
0x02, 0x00, 0x00, 0x00, 0x30, 0x40, 0x00, 0x00, 0xf0, 0x38, 0x00, 0x00, 0x10, 0x00, 0x00, 0x00, 
0x24, 0x40, 0x2d, 0x00, 0x00, 0x00, 0x00, 0x40, 0x00, 0x40, 0x00, 0x00, 0x40, 0x27, 0x02, 0x00, 
0x0b, 0x01, 0x0d, 0x00, 0x0c, 0x01, 0x0d, 0x00, 0x0a, 0x01, 0x0d, 0x00, 0x04, 0x01, 0xbf, 0x00, 
0x06, 0x40, 0x00, 0x00, 0xe0, 0x00, 0x00, 0x00, 0x09, 0x01, 0x0a, 0x00, 0x10, 0x40, 0x00, 0x00, 
0x40, 0x94, 0x01, 0x00, 0x14, 0x01, 0x41, 0x01, 0x25, 0x01, 0x10, 0x00, 0x16, 0x01, 0x0d, 0x00, 
0x15, 0x01, 0x0d, 0x00, 0x17, 0x01, 0x5f, 0x00, 0x0d, 0x01, 0x2e, 0x00, 0x2d, 0x01, 0x2e, 0x00, 
0x89, 0x01, 0x00, 0x00, 0x85, 0x01, 0x01, 0x00, 0x80, 0x01, 0x80, 0x00, 0x2f, 0x01, 0x00, 0x00, 
0x11, 0x00, 0x00, 0x00, 0x06, 0x00, 0x01, 0x00, 0x24, 0x40, 0x25, 0x00, 0x00, 0xfa, 0x42, 0x44, 
0x18, 0x01, 0x86, 0xff, 0x25, 0x01, 0x00, 0x00, 0x16, 0x01, 0x07, 0x00, 0x15, 0x01, 0x07, 0x00, 
0x17, 0x01, 0x7f, 0x00, 0x80, 0x40, 0x00, 0x00, 0x40, 0x94, 0x01, 0x00, 0x8b, 0x01, 0x0d, 0x00, 
0x8c, 0x01, 0x0d, 0x00, 0x8a, 0x01, 0x0d, 0x00, 0x86, 0x40, 0x00, 0x00, 0xe0, 0x00, 0x00, 0x00, 
0x89, 0x01, 0x80, 0xff, 0x85, 0x01, 0x41, 0x00, 0x80, 0x01, 0x00, 0x00, 0x06, 0x00, 0x00, 0x00, 
0x00, 0x40, 0x00, 0x00, 0x40, 0x94, 0x01, 0x00, 0x09, 0x01, 0x86, 0xff, 0x00, 0x01, 0x00, 0x00, 
0x01, 0x01, 0x00, 0x00, 0x10, 0x40, 0x00, 0x00, 0x00, 0x00, 0x00, 0x00, 0x13, 0x01, 0x5f, 0x00, 
0x15, 0x40, 0x00, 0x00, 0x40, 0x05, 0x00, 0x00, 0x18, 0x01, 0x0b, 0x00, 0x14, 0x01, 0x41, 0x00, 
0x21, 0x01, 0x00, 0x00, 0x20, 0x01, 0x00, 0x00, 0x22, 0x01, 0x00, 0x00, 0x20, 0x40, 0x00, 0x00, 
0xe0, 0x9f, 0x06, 0x00, 0x21, 0x40, 0x00, 0x00, 0x80, 0x42, 0x00, 0x00, 0x22, 0x40, 0x00, 0x00, 
0x20, 0x9c, 0x06, 0x00, 0x23, 0x40, 0x00, 0x00, 0xc0, 0x03, 0x00, 0x00, 0x16, 0x01, 0x05, 0x00, 
0x15, 0x01, 0x0d, 0x00, 0x17, 0x01, 0x2f, 0x00, 0x0d, 0x01, 0x0a, 0x00, 0x2d, 0x01, 0x0e, 0x00, 
0x2f, 0x01, 0x03, 0x00, 0x02, 0x00, 0x00, 0x00, 0x30, 0x40, 0x00, 0x00, 0xc0, 0x3d, 0x00, 0x00, 
0x10, 0x00, 0x00, 0x00, 0x24, 0x40, 0x2d, 0x00, 0x00, 0x00, 0x00, 0x40, 0x00, 0x40, 0x00, 0x00, 
0x00, 0x00, 0x00, 0x00, 0x04, 0x01, 0x5f, 0x00, 0x05, 0x40, 0x00, 0x00, 0x40, 0x05, 0x00, 0x00, 
0x09, 0x01, 0x0b, 0x00, 0x10, 0x40, 0x00, 0x00, 0x40, 0x27, 0x02, 0x00, 0x14, 0x01, 0x41, 0x01, 
0x25, 0x01, 0x10, 0x00, 0x16, 0x01, 0x0d, 0x00, 0x17, 0x01, 0x5f, 0x00, 0x0d, 0x01, 0x2e, 0x00, 
0x2d, 0x01, 0x2e, 0x00, 0x89, 0x01, 0x00, 0x00, 0x85, 0x01, 0x01, 0x00, 0x80, 0x01, 0x80, 0x00, 
0x2f, 0x01, 0x00, 0x00, 0x11, 0x00, 0x00, 0x00, 0x06, 0x00, 0x01, 0x00, 0x24, 0x40, 0x25, 0x00, 
0x00, 0x0e, 0x27, 0x43, 0x18, 0x01, 0x8d, 0xff, 0x25, 0x01, 0x00, 0x00, 0x16, 0x01, 0x0b, 0x00, 
0x17, 0x01, 0x2f, 0x00, 0x80, 0x40, 0x00, 0x00, 0x40, 0x27, 0x02, 0x00, 0x85, 0x40, 0x00, 0x00, 
0x40, 0x05, 0x00, 0x00, 0x89, 0x01, 0x80, 0xff, 0x85, 0x01, 0x41, 0x00, 0x80, 0x01, 0x00, 0x00, 
0x06, 0x00, 0x00, 0x00, 0x00, 0x40, 0x00, 0x00, 0x40, 0x27, 0x02, 0x00, 0x09, 0x01, 0x8d, 0xff, 
0x10, 0x40, 0x00, 0x00, 0x00, 0x00, 0x00, 0x00, 0x18, 0x01, 0xde, 0xff, 0x14, 0x01, 0x41, 0x00, 
0x20, 0x40, 0x00, 0x00, 0x20, 0xe6, 0x06, 0x00, 0x21, 0x40, 0x00, 0x00, 0xe0, 0x22, 0x00, 0x00, 
0x22, 0x40, 0x00, 0x00, 0x60, 0xe2, 0x06, 0x00, 0x16, 0x01, 0x05, 0x00, 0x0d, 0x01, 0x0a, 0x00, 
0x2d, 0x01, 0x0e, 0x00, 0x2f, 0x01, 0x03, 0x00, 0x02, 0x00, 0x00, 0x00, 0x30, 0x40, 0x00, 0x00, 
0x90, 0x42, 0x00, 0x00, 0x10, 0x00, 0x00, 0x00, 0x24, 0x40, 0x2d, 0x00, 0x00, 0x00, 0x00, 0x40, 
0x00, 0x40, 0x00, 0x00, 0x00, 0x00, 0x00, 0x00, 0x09, 0x01, 0xde, 0xff, 0x10, 0x40, 0x00, 0x00, 
0xc0, 0x70, 0x02, 0x00, 0x14, 0x01, 0x41, 0x01, 0x25, 0x01, 0x10, 0x00, 0x16, 0x01, 0x0d, 0x00, 
0x17, 0x01, 0x5f, 0x00, 0x0d, 0x01, 0x2e, 0x00, 0x2d, 0x01, 0x2e, 0x00, 0x89, 0x01, 0x00, 0x00, 
0x85, 0x01, 0x01, 0x00, 0x80, 0x01, 0x80, 0x00, 0x2f, 0x01, 0x00, 0x00, 0x11, 0x00, 0x00, 0x00, 
0x06, 0x00, 0x01, 0x00, 0x24, 0x40, 0x26, 0x00, 0x00, 0xf5, 0x1c, 0x64, 0x18, 0x01, 0x84, 0xff, 
0x25, 0x01, 0x00, 0x00, 0x16, 0x01, 0x0b, 0x00, 0x17, 0x01, 0x2f, 0x00, 0x80, 0x40, 0x00, 0x00, 
0xc0, 0x70, 0x02, 0x00, 0x89, 0x01, 0x80, 0xff, 0x85, 0x01, 0x41, 0x00, 0x80, 0x01, 0x00, 0x00, 
0x06, 0x00, 0x00, 0x00, 0x00, 0x40, 0x00, 0x00, 0xc0, 0x70, 0x02, 0x00, 0x09, 0x01, 0x84, 0xff, 
0x00, 0x01, 0x01, 0x00, 0x01, 0x01, 0x01, 0x00, 0x03, 0x01, 0x01, 0x00, 0x02, 0x01, 0x01, 0x00, 
0x10, 0x40, 0x00, 0x00, 0x40, 0xba, 0x02, 0x00, 0x18, 0x01, 0x03, 0x00, 0x14, 0x01, 0x41, 0x00, 
0x21, 0x01, 0x02, 0x00, 0x20, 0x01, 0x02, 0x00, 0x20, 0x40, 0x00, 0x00, 0xc0, 0x0c, 0x07, 0x00, 
0x21, 0x40, 0x00, 0x00, 0x90, 0x1a, 0x01, 0x00, 0x22, 0x40, 0x00, 0x00, 0x00, 0x09, 0x07, 0x00, 
0x16, 0x01, 0x05, 0x00, 0x0d, 0x01, 0x0a, 0x00, 0x2d, 0x01, 0x0e, 0x00, 0x2f, 0x01, 0x03, 0x00, 
0x02, 0x00, 0x00, 0x00, 0x30, 0x40, 0x00, 0x00, 0x60, 0x47, 0x00, 0x00, 0x10, 0x00, 0x00, 0x00, 
0x24, 0x40, 0x2d, 0x00, 0x00, 0x00, 0x00, 0x40, 0x00, 0x40, 0x00, 0x00, 0x40, 0xba, 0x02, 0x00, 
0x09, 0x01, 0x03, 0x00, 0x10, 0x40, 0x00, 0x00, 0x00, 0x00, 0x00, 0x00, 0x14, 0x01, 0x41, 0x01, 
0x25, 0x01, 0x10, 0x00, 0x16, 0x01, 0x0d, 0x00, 0x17, 0x01, 0x5f, 0x00, 0x0d, 0x01, 0x2e, 0x00, 
0x2d, 0x01, 0x2e, 0x00, 0x89, 0x01, 0x00, 0x00, 0x85, 0x01, 0x01, 0x00, 0x80, 0x01, 0x80, 0x00, 
0x2f, 0x01, 0x00, 0x00, 0x11, 0x00, 0x00, 0x00, 0x06, 0x00, 0x01, 0x00, 0x24, 0x40, 0x26, 0x00, 
0x80, 0xd2, 0x86, 0x6e, 0x18, 0x01, 0x93, 0xff, 0x25, 0x01, 0x00, 0x00, 0x16, 0x01, 0x0b, 0x00, 
0x17, 0x01, 0x2f, 0x00, 0x80, 0x40, 0x00, 0x00, 0x00, 0x00, 0x00, 0x00, 0x89, 0x01, 0x80, 0xff, 
0x85, 0x01, 0x41, 0x00, 0x80, 0x01, 0x00, 0x00, 0x06, 0x00, 0x00, 0x00, 0x25, 0x40, 0x0c, 0x00, 
0x68, 0xc9, 0xd4, 0x5c, 0x26, 0x40, 0x00, 0x00, 0x00, 0x00, 0x00, 0x00, 0x24, 0x40, 0x31, 0x00, 
0x00, 0x00, 0x00, 0x40, 0x00, 0x40, 0x00, 0x00, 0x00, 0x00, 0x00, 0x00, 0x09, 0x01, 0x93, 0xff, 
0x05, 0x01, 0x41, 0x02, 0x80, 0x40, 0x00, 0x00, 0x40, 0x27, 0x02, 0x00, 0x89, 0x01, 0x8d, 0xff, 
0x2f, 0x01, 0x02, 0x00, 0x06, 0x00, 0x01, 0x00, 0x05, 0x01, 0x41, 0x00, 0x00, 0x01, 0x00, 0x00, 
0x01, 0x01, 0x00, 0x00, 0x03, 0x01, 0x00, 0x00, 0x02, 0x01, 0x00, 0x00, 0x10, 0x40, 0x00, 0x00, 
0x40, 0x27, 0x02, 0x00, 0x18, 0x01, 0xf5, 0xff, 0x14, 0x01, 0x41, 0x00, 0x21, 0x01, 0x00, 0x00, 
0x20, 0x01, 0x00, 0x00, 0x20, 0x40, 0x00, 0x00, 0x10, 0x2b, 0x08, 0x00, 0x21, 0x40, 0x00, 0x00, 
0x50, 0x22, 0x00, 0x00, 0x22, 0x40, 0x00, 0x00, 0x50, 0x27, 0x08, 0x00, 0x16, 0x01, 0x05, 0x00, 
0x0d, 0x01, 0x0a, 0x00, 0x2d, 0x01, 0x0e, 0x00, 0x2f, 0x01, 0x03, 0x00, 0x02, 0x00, 0x00, 0x00, 
0x30, 0x40, 0x00, 0x00, 0x30, 0x4c, 0x00, 0x00, 0x10, 0x00, 0x00, 0x00, 0x25, 0x40, 0x00, 0x00, 
0x00, 0x80, 0x00, 0x00, 0x26, 0x40, 0x00, 0x00, 0x00, 0x80, 0x00, 0x00, 0x24, 0x40, 0x2d, 0x00, 
0x00, 0x00, 0x00, 0x40, 0x00, 0x40, 0x00, 0x00, 0x40, 0x27, 0x02, 0x00, 0x09, 0x01, 0xf5, 0xff, 
0x10, 0x40, 0x00, 0x00, 0xc0, 0x70, 0x02, 0x00, 0x14, 0x01, 0x41, 0x01, 0x25, 0x01, 0x10, 0x00, 
0x16, 0x01, 0x0d, 0x00, 0x17, 0x01, 0x5f, 0x00, 0x0d, 0x01, 0x2e, 0x00, 0x2d, 0x01, 0x2e, 0x00, 
0x89, 0x01, 0x00, 0x00, 0x85, 0x01, 0x01, 0x00, 0x80, 0x01, 0x80, 0x00, 0x2f, 0x01, 0x00, 0x00, 
0x11, 0x00, 0x00, 0x00, 0x06, 0x00, 0x01, 0x00, 0x24, 0x40, 0x26, 0x00, 0x80, 0x66, 0x45, 0x73, 
0x18, 0x01, 0x86, 0xff, 0x25, 0x01, 0x00, 0x00, 0x16, 0x01, 0x0b, 0x00, 0x17, 0x01, 0x2f, 0x00, 
0x80, 0x40, 0x00, 0x00, 0xc0, 0x70, 0x02, 0x00, 0x89, 0x01, 0x80, 0xff, 0x85, 0x01, 0x41, 0x00, 
0x80, 0x01, 0x00, 0x00, 0x06, 0x00, 0x00, 0x00, 0x00, 0x40, 0x00, 0x00, 0xc0, 0x70, 0x02, 0x00, 
0x09, 0x01, 0x86, 0xff, 0x00, 0x01, 0x01, 0x00, 0x01, 0x01, 0x01, 0x00, 0x03, 0x01, 0x01, 0x00, 
0x02, 0x01, 0x01, 0x00, 0x10, 0x40, 0x00, 0x00, 0x40, 0xba, 0x02, 0x00, 0x18, 0x01, 0xf4, 0xff, 
0x14, 0x01, 0x41, 0x00, 0x21, 0x01, 0x02, 0x00, 0x20, 0x01, 0x02, 0x00, 0x20, 0x40, 0x00, 0x00, 
0x20, 0x51, 0x08, 0x00, 0x21, 0x40, 0x00, 0x00, 0x60, 0x1b, 0x01, 0x00, 0x22, 0x40, 0x00, 0x00, 
0x60, 0x4d, 0x08, 0x00, 0x16, 0x01, 0x05, 0x00, 0x0d, 0x01, 0x0a, 0x00, 0x2d, 0x01, 0x0e, 0x00, 
0x2f, 0x01, 0x03, 0x00, 0x02, 0x00, 0x00, 0x00, 0x30, 0x40, 0x00, 0x00, 0x00, 0x51, 0x00, 0x00, 
0x10, 0x00, 0x00, 0x00, 0x24, 0x40, 0x2d, 0x00, 0x00, 0x00, 0x00, 0x40, 0x00, 0x40, 0x00, 0x00, 
0x40, 0xba, 0x02, 0x00, 0x09, 0x01, 0xf4, 0xff, 0x10, 0x40, 0x00, 0x00, 0x40, 0x27, 0x02, 0x00, 
0x14, 0x01, 0x41, 0x01, 0x25, 0x01, 0x10, 0x00, 0x16, 0x01, 0x0d, 0x00, 0x17, 0x01, 0x5f, 0x00, 
0x0d, 0x01, 0x2e, 0x00, 0x2d, 0x01, 0x2e, 0x00, 0x89, 0x01, 0x00, 0x00, 0x85, 0x01, 0x01, 0x00, 
0x80, 0x01, 0x80, 0x00, 0x2f, 0x01, 0x00, 0x00, 0x11, 0x00, 0x00, 0x00, 0x06, 0x00, 0x01, 0x00, 
0x24, 0x40, 0x26, 0x00, 0x80, 0xa3, 0x46, 0x63, 0x18, 0x01, 0x92, 0xff, 0x25, 0x01, 0x00, 0x00, 
0x16, 0x01, 0x0b, 0x00, 0x17, 0x01, 0x2f, 0x00, 0x80, 0x40, 0x00, 0x00, 0x40, 0x27, 0x02, 0x00, 
0x89, 0x01, 0x80, 0xff, 0x85, 0x01, 0x41, 0x00, 0x80, 0x01, 0x00, 0x00, 0x06, 0x00, 0x00, 0x00, 
0x25, 0x40, 0x0c, 0x00, 0xaf, 0x6a, 0x83, 0x50, 0x26, 0x40, 0x00, 0x00, 0x00, 0x00, 0x00, 0x00, 
0x24, 0x40, 0x31, 0x00, 0x00, 0x00, 0x00, 0x40, 0x00, 0x40, 0x00, 0x00, 0x40, 0x27, 0x02, 0x00, 
0x09, 0x01, 0x92, 0xff, 0x05, 0x01, 0x41, 0x02, 0x80, 0x40, 0x00, 0x00, 0x00, 0x00, 0x00, 0x00, 
0x89, 0x01, 0x93, 0xff, 0x2f, 0x01, 0x02, 0x00, 0x06, 0x00, 0x01, 0x00, 0x05, 0x01, 0x41, 0x00, 
0x00, 0x01, 0x00, 0x00, 0x01, 0x01, 0x00, 0x00, 0x03, 0x01, 0x00, 0x00, 0x02, 0x01, 0x00, 0x00, 
0x10, 0x40, 0x00, 0x00, 0x00, 0x00, 0x00, 0x00, 0x18, 0x01, 0xee, 0xff, 0x14, 0x01, 0x41, 0x00, 
0x21, 0x01, 0x00, 0x00, 0x20, 0x01, 0x00, 0x00, 0x20, 0x40, 0x00, 0x00, 0x40, 0x70, 0x09, 0x00, 
0x21, 0x40, 0x00, 0x00, 0x60, 0x22, 0x00, 0x00, 0x22, 0x40, 0x00, 0x00, 0x80, 0x6c, 0x09, 0x00, 
0x16, 0x01, 0x05, 0x00, 0x0d, 0x01, 0x0a, 0x00, 0x2d, 0x01, 0x0e, 0x00, 0x2f, 0x01, 0x03, 0x00, 
0x02, 0x00, 0x00, 0x00, 0x30, 0x40, 0x00, 0x00, 0xd0, 0x55, 0x00, 0x00, 0x10, 0x00, 0x00, 0x00, 
0x25, 0x40, 0x00, 0x00, 0x00, 0x80, 0x00, 0x00, 0x26, 0x40, 0x00, 0x00, 0x00, 0x80, 0x00, 0x00, 
0x24, 0x40, 0x2d, 0x00, 0x00, 0x00, 0x00, 0x40, 0x00, 0x40, 0x00, 0x00, 0x00, 0x00, 0x00, 0x00, 
0x09, 0x01, 0xee, 0xff, 0x10, 0x40, 0x00, 0x00, 0xc0, 0x70, 0x02, 0x00, 0x14, 0x01, 0x41, 0x01, 
0x25, 0x01, 0x10, 0x00, 0x16, 0x01, 0x0d, 0x00, 0x17, 0x01, 0x5f, 0x00, 0x0d, 0x01, 0x2e, 0x00, 
0x2d, 0x01, 0x2e, 0x00, 0x89, 0x01, 0x00, 0x00, 0x85, 0x01, 0x01, 0x00, 0x80, 0x01, 0x80, 0x00, 
0x2f, 0x01, 0x00, 0x00, 0x11, 0x00, 0x00, 0x00, 0x06, 0x00, 0x01, 0x00, 0x24, 0x40, 0x26, 0x00, 
0x80, 0x48, 0x6e, 0x6e, 0x18, 0x01, 0x84, 0xff, 0x25, 0x01, 0x00, 0x00, 0x16, 0x01, 0x0b, 0x00, 
0x17, 0x01, 0x2f, 0x00, 0x80, 0x40, 0x00, 0x00, 0xc0, 0x70, 0x02, 0x00, 0x89, 0x01, 0x80, 0xff, 
0x85, 0x01, 0x41, 0x00, 0x80, 0x01, 0x00, 0x00, 0x06, 0x00, 0x00, 0x00, 0x00, 0x40, 0x00, 0x00, 
0xc0, 0x70, 0x02, 0x00, 0x09, 0x01, 0x84, 0xff, 0x00, 0x01, 0x01, 0x00, 0x01, 0x01, 0x01, 0x00, 
0x03, 0x01, 0x01, 0x00, 0x02, 0x01, 0x01, 0x00, 0x10, 0x40, 0x00, 0x00, 0x00, 0x00, 0x00, 0x00, 
0x18, 0x01, 0x00, 0x00, 0x14, 0x01, 0x41, 0x00, 0x21, 0x01, 0x02, 0x00, 0x20, 0x01, 0x02, 0x00, 
0x20, 0x40, 0x00, 0x00, 0x60, 0x96, 0x09, 0x00, 0x21, 0x40, 0x00, 0x00, 0x30, 0x1f, 0x01, 0x00, 
0x22, 0x40, 0x00, 0x00, 0xa0, 0x92, 0x09, 0x00, 0x16, 0x01, 0x05, 0x00, 0x0d, 0x01, 0x0a, 0x00, 
0x2d, 0x01, 0x0e, 0x00, 0x2f, 0x01, 0x03, 0x00, 0x02, 0x00, 0x00, 0x00, 0x30, 0x40, 0x00, 0x00, 
0xa0, 0x5a, 0x00, 0x00, 0x10, 0x00, 0x00, 0x00, 0x24, 0x40, 0x2d, 0x00, 0x00, 0x00, 0x00, 0x40, 
0x00, 0x40, 0x00, 0x00, 0x00, 0x00, 0x00, 0x00, 0x09, 0x01, 0x00, 0x00, 0x10, 0x40, 0x00, 0x00, 
0xc0, 0x70, 0x02, 0x00, 0x14, 0x01, 0x41, 0x01, 0x25, 0x01, 0x10, 0x00, 0x16, 0x01, 0x0d, 0x00, 
0x17, 0x01, 0x5f, 0x00, 0x0d, 0x01, 0x2e, 0x00, 0x2d, 0x01, 0x2e, 0x00, 0x89, 0x01, 0x00, 0x00, 
0x85, 0x01, 0x01, 0x00, 0x80, 0x01, 0x80, 0x00, 0x2f, 0x01, 0x00, 0x00, 0x11, 0x00, 0x00, 0x00, 
0x06, 0x00, 0x01, 0x00, 0x24, 0x40, 0x26, 0x00, 0x00, 0xf6, 0xe5, 0x5c, 0x18, 0x01, 0x91, 0xff, 
0x25, 0x01, 0x00, 0x00, 0x16, 0x01, 0x0b, 0x00, 0x17, 0x01, 0x2f, 0x00, 0x89, 0x01, 0x80, 0xff, 
0x85, 0x01, 0x41, 0x00, 0x80, 0x01, 0x00, 0x00, 0x06, 0x00, 0x00, 0x00, 0x25, 0x40, 0x0c, 0x00, 
0xe9, 0x78, 0x66, 0x5c, 0x26, 0x40, 0x00, 0x00, 0x00, 0x00, 0x00, 0x00, 0x24, 0x40, 0x31, 0x00, 
0x00, 0x00, 0x00, 0x40, 0x00, 0x40, 0x00, 0x00, 0xc0, 0x70, 0x02, 0x00, 0x09, 0x01, 0x91, 0xff, 
0x05, 0x01, 0x41, 0x02, 0x10, 0x40, 0x00, 0x00, 0x00, 0x00, 0x00, 0x00, 0x16, 0x40, 0x00, 0x00, 
0x01, 0x00, 0x00, 0x00, 0x14, 0x40, 0x00, 0x00, 0x60, 0x00, 0x00, 0x00, 0x14, 0x01, 0x01, 0x01, 
0x80, 0x40, 0x00, 0x00, 0x40, 0x27, 0x02, 0x00, 0x89, 0x01, 0x92, 0xff, 0x2f, 0x01, 0x02, 0x00, 
0x06, 0x00, 0x01, 0x00, 0x00, 0x40, 0x00, 0x00, 0x00, 0x00, 0x00, 0x00, 0x0b, 0x01, 0xc3, 0x00, 
0x0c, 0x01, 0xc3, 0x00, 0x0a, 0x01, 0x5f, 0x00, 0x04, 0x01, 0x00, 0x00, 0x06, 0x40, 0x00, 0x00, 
0x01, 0x00, 0x00, 0x00, 0x05, 0x40, 0x00, 0x00, 0x60, 0x00, 0x00, 0x00, 0x04, 0x40, 0x00, 0x00, 
0x01, 0x00, 0x00, 0x00, 0x09, 0x01, 0x00, 0x00, 0x05, 0x01, 0x01, 0x00, 0x00, 0x01, 0x00, 0x00, 
0x01, 0x01, 0x00, 0x00, 0x03, 0x01, 0x00, 0x00, 0x02, 0x01, 0x00, 0x00, 0x10, 0x40, 0x00, 0x00, 
0x40, 0xba, 0x02, 0x00, 0x1b, 0x01, 0xc3, 0x00, 0x1c, 0x01, 0xc3, 0x00, 0x1a, 0x01, 0x5f, 0x00, 
0x12, 0x01, 0xc3, 0x00, 0x11, 0x01, 0x5f, 0x00, 0x13, 0x01, 0x00, 0x00, 0x15, 0x40, 0x00, 0x00, 
0x01, 0x00, 0x00, 0x00, 0x14, 0x40, 0x00, 0x00, 0xc4, 0x00, 0x00, 0x00, 0x18, 0x01, 0x00, 0x00, 
0x21, 0x01, 0x00, 0x00, 0x20, 0x01, 0x00, 0x00, 0x16, 0x01, 0x01, 0x00, 0x15, 0x01, 0x35, 0x00, 
0x17, 0x01, 0x07, 0x00, 0x0d, 0x01, 0x0a, 0x00, 0x2d, 0x01, 0x1e, 0x00, 0x24, 0x40, 0x1f, 0x00, 
0x01, 0x00, 0x00, 0x80, 0x05, 0x00, 0x01, 0x00, 0x00, 0x40, 0x00, 0x00, 0x40, 0xba, 0x02, 0x00, 
0x0b, 0x01, 0x5f, 0x00, 0x0c, 0x01, 0x5f, 0x00, 0x0a, 0x01, 0x0d, 0x00, 0x04, 0x01, 0x0d, 0x00, 
0x05, 0x40, 0x00, 0x00, 0xc4, 0x00, 0x00, 0x00, 0x04, 0x40, 0x00, 0x00, 0x0e, 0x00, 0x00, 0x00, 
0x09, 0x01, 0x91, 0xff, 0x10, 0x40, 0x00, 0x00, 0x40, 0x27, 0x02, 0x00, 0x1b, 0x01, 0x5f, 0x00, 
0x1c, 0x01, 0x5f, 0x00, 0x1a, 0x01, 0x0d, 0x00, 0x12, 0x01, 0x5f, 0x00, 0x11, 0x01, 0x0d, 0x00, 
0x13, 0x01, 0x0d, 0x00, 0x15, 0x40, 0x00, 0x00, 0xc4, 0x00, 0x00, 0x00, 0x14, 0x40, 0x00, 0x00, 
0x0e, 0x00, 0x00, 0x00, 0x18, 0x01, 0x91, 0xff, 0x14, 0x01, 0x01, 0x81, 0x15, 0x01, 0x09, 0x00, 
0x17, 0x01, 0x0f, 0x00, 0x2f, 0x01, 0x01, 0x00, 0x05, 0x00, 0x01, 0x00, 0x00, 0x40, 0x00, 0x00, 
0x40, 0x94, 0x01, 0x00, 0x0b, 0x01, 0x0d, 0x00, 0x0c, 0x01, 0x0d, 0x00, 0x04, 0x01, 0xbf, 0x00, 
0x06, 0x40, 0x00, 0x00, 0xe0, 0x00, 0x00, 0x00, 0x05, 0x40, 0x00, 0x00, 0x80, 0x0a, 0x00, 0x00, 
0x04, 0x40, 0x00, 0x00, 0x10, 0x00, 0x00, 0x00, 0x09, 0x01, 0x86, 0xff, 0x05, 0x01, 0x41, 0x00, 
0x10, 0x40, 0x00, 0x00, 0x00, 0x00, 0x00, 0x00, 0x1b, 0x01, 0x0d, 0x00, 0x1c, 0x01, 0x0d, 0x00, 
0x12, 0x01, 0x0d, 0x00, 0x13, 0x01, 0x5f, 0x00, 0x16, 0x40, 0x00, 0x00, 0xe0, 0x00, 0x00, 0x00, 
0x15, 0x40, 0x00, 0x00, 0x40, 0x05, 0x00, 0x00, 0x14, 0x40, 0x00, 0x00, 0x10, 0x00, 0x00, 0x00, 
0x18, 0x01, 0xf7, 0xff, 0x14, 0x01, 0x41, 0x00, 0x20, 0x40, 0x00, 0x00, 0x50, 0xb9, 0x0a, 0x00, 
0x21, 0x40, 0x00, 0x00, 0x70, 0x41, 0x00, 0x00, 0x22, 0x40, 0x00, 0x00, 0x90, 0xb5, 0x0a, 0x00, 
0x16, 0x01, 0x05, 0x00, 0x15, 0x01, 0x0d, 0x00, 0x17, 0x01, 0x2f, 0x00, 0x2d, 0x01, 0x0e, 0x00, 
0x2f, 0x01, 0x03, 0x00, 0x02, 0x00, 0x00, 0x00, 0x30, 0x40, 0x00, 0x00, 0x80, 0x5f, 0x00, 0x00, 
0x10, 0x00, 0x00, 0x00, 0x25, 0x40, 0x00, 0x00, 0x00, 0x80, 0x00, 0x00, 0x26, 0x40, 0x00, 0x00, 
0x00, 0x80, 0x00, 0x00, 0x24, 0x40, 0x2d, 0x00, 0x00, 0x00, 0x00, 0x40, 0x00, 0x40, 0x00, 0x00, 
0x00, 0x00, 0x00, 0x00, 0x04, 0x01, 0x5f, 0x00, 0x05, 0x40, 0x00, 0x00, 0x40, 0x05, 0x00, 0x00, 
0x09, 0x01, 0xf7, 0xff, 0x10, 0x40, 0x00, 0x00, 0x40, 0x94, 0x01, 0x00, 0x14, 0x01, 0x41, 0x01, 
0x25, 0x01, 0x10, 0x00, 0x16, 0x01, 0x0d, 0x00, 0x17, 0x01, 0x5f, 0x00, 0x0d, 0x01, 0x2e, 0x00, 
0x2d, 0x01, 0x2e, 0x00, 0x89, 0x01, 0x00, 0x00, 0x85, 0x01, 0x01, 0x00, 0x80, 0x01, 0x80, 0x00, 
0x2f, 0x01, 0x00, 0x00, 0x11, 0x00, 0x00, 0x00, 0x06, 0x00, 0x01, 0x00, 0x24, 0x40, 0x26, 0x00, 
0x00, 0xe7, 0x49, 0x57, 0x10, 0x40, 0x00, 0x00, 0xc0, 0xdd, 0x01, 0x00, 0x16, 0x40, 0x00, 0x00, 
0x01, 0x00, 0x00, 0x00, 0x14, 0x40, 0x00, 0x00, 0x60, 0x00, 0x00, 0x00, 0x18, 0x01, 0x91, 0xff, 
0x14, 0x01, 0x01, 0x01, 0x25, 0x01, 0x00, 0x00, 0x16, 0x01, 0x0b, 0x00, 0x17, 0x01, 0x2f, 0x00, 
0x80, 0x40, 0x00, 0x00, 0x40, 0x94, 0x01, 0x00, 0x89, 0x01, 0x80, 0xff, 0x85, 0x01, 0x41, 0x00, 
0x80, 0x01, 0x00, 0x00, 0x06, 0x00, 0x00, 0x00, 0x00, 0x40, 0x00, 0x00, 0xc0, 0xdd, 0x01, 0x00, 
0x0b, 0x01, 0xc3, 0x00, 0x0c, 0x01, 0xc3, 0x00, 0x0a, 0x01, 0x5f, 0x00, 0x04, 0x01, 0x00, 0x00, 
0x06, 0x40, 0x00, 0x00, 0x01, 0x00, 0x00, 0x00, 0x05, 0x40, 0x00, 0x00, 0x60, 0x00, 0x00, 0x00, 
0x04, 0x40, 0x00, 0x00, 0x01, 0x00, 0x00, 0x00, 0x09, 0x01, 0x00, 0x00, 0x05, 0x01, 0x01, 0x00, 
0x10, 0x40, 0x00, 0x00, 0x00, 0x00, 0x00, 0x00, 0x1b, 0x01, 0xc3, 0x00, 0x1c, 0x01, 0xc3, 0x00, 
0x1a, 0x01, 0x5f, 0x00, 0x12, 0x01, 0xc3, 0x00, 0x11, 0x01, 0x5f, 0x00, 0x13, 0x01, 0x00, 0x00, 
0x15, 0x40, 0x00, 0x00, 0x01, 0x00, 0x00, 0x00, 0x14, 0x40, 0x00, 0x00, 0xc4, 0x00, 0x00, 0x00, 
0x18, 0x01, 0x00, 0x00, 0x16, 0x01, 0x01, 0x00, 0x15, 0x01, 0x35, 0x00, 0x17, 0x01, 0x07, 0x00, 
0x0d, 0x01, 0x0a, 0x00, 0x2d, 0x01, 0x1e, 0x00, 0x24, 0x40, 0x1f, 0x00, 0x01, 0x00, 0x00, 0x80, 
0x2f, 0x01, 0x02, 0x00, 0x05, 0x00, 0x01, 0x00, 0x00, 0x40, 0x00, 0x00, 0x00, 0x00, 0x00, 0x00, 
0x0b, 0x01, 0x5f, 0x00, 0x0c, 0x01, 0x5f, 0x00, 0x0a, 0x01, 0x0d, 0x00, 0x04, 0x01, 0x0d, 0x00, 
0x05, 0x40, 0x00, 0x00, 0xc4, 0x00, 0x00, 0x00, 0x04, 0x40, 0x00, 0x00, 0x0e, 0x00, 0x00, 0x00, 
0x09, 0x01, 0x91, 0xff, 0x10, 0x40, 0x00, 0x00, 0xc0, 0x70, 0x02, 0x00, 0x1b, 0x01, 0x5f, 0x00, 
0x1c, 0x01, 0x5f, 0x00, 0x1a, 0x01, 0x0d, 0x00, 0x12, 0x01, 0x5f, 0x00, 0x11, 0x01, 0x0d, 0x00, 
0x13, 0x01, 0x0d, 0x00, 0x15, 0x40, 0x00, 0x00, 0xc4, 0x00, 0x00, 0x00, 0x14, 0x40, 0x00, 0x00, 
0x0e, 0x00, 0x00, 0x00, 0x18, 0x01, 0x91, 0xff, 0x14, 0x01, 0x01, 0x81, 0x15, 0x01, 0x09, 0x00, 
0x17, 0x01, 0x0f, 0x00, 0x2f, 0x01, 0x01, 0x00, 0x05, 0x00, 0x01, 0x00, 0x00, 0x40, 0x00, 0x00, 
0x40, 0x27, 0x02, 0x00, 0x0b, 0x01, 0xbf, 0x00, 0x0c, 0x01, 0xbf, 0x00, 0x0a, 0x01, 0xc3, 0x00, 
0x04, 0x01, 0x00, 0x00, 0x04, 0x40, 0x00, 0x00, 0x01, 0x00, 0x00, 0x00, 0x09, 0x01, 0x00, 0x00, 
0x10, 0x40, 0x00, 0x00, 0x40, 0x94, 0x01, 0x00, 0x1b, 0x01, 0xbf, 0x00, 0x1c, 0x01, 0xbf, 0x00, 
0x1a, 0x01, 0xc3, 0x00, 0x12, 0x01, 0xbf, 0x00, 0x11, 0x01, 0xc3, 0x00, 0x13, 0x01, 0x00, 0x00, 
0x15, 0x40, 0x00, 0x00, 0x01, 0x00, 0x00, 0x00, 0x14, 0x40, 0x00, 0x00, 0xc0, 0x00, 0x00, 0x00, 
0x18, 0x01, 0x00, 0x00, 0x14, 0x01, 0x01, 0x01, 0x16, 0x01, 0x09, 0x00, 0x15, 0x01, 0x05, 0x00, 
0x17, 0x01, 0x07, 0x00, 0x2f, 0x01, 0x03, 0x00, 0x05, 0x00, 0x01, 0x00, 0x00, 0x40, 0x00, 0x00, 
0x40, 0x94, 0x01, 0x00, 0x0b, 0x01, 0x0d, 0x00, 0x0c, 0x01, 0x0d, 0x00, 0x0a, 0x01, 0x0d, 0x00, 
0x04, 0x01, 0xbf, 0x00, 0x05, 0x40, 0x00, 0x00, 0x80, 0x0a, 0x00, 0x00, 0x04, 0x40, 0x00, 0x00, 
0xc0, 0x00, 0x00, 0x00, 0x09, 0x01, 0x91, 0xff, 0x10, 0x40, 0x00, 0x00, 0x40, 0x27, 0x02, 0x00, 
0x1b, 0x01, 0x0d, 0x00, 0x1c, 0x01, 0x0d, 0x00, 0x1a, 0x01, 0x0d, 0x00, 0x12, 0x01, 0x0d, 0x00, 
0x11, 0x01, 0x0d, 0x00, 0x13, 0x01, 0xbf, 0x00, 0x16, 0x40, 0x00, 0x00, 0xe0, 0x00, 0x00, 0x00, 
0x15, 0x40, 0x00, 0x00, 0x80, 0x0a, 0x00, 0x00, 0x14, 0x40, 0x00, 0x00, 0x10, 0x00, 0x00, 0x00, 
0x18, 0x01, 0xf4, 0xff, 0x14, 0x01, 0x41, 0x00, 0x20, 0x40, 0x00, 0x00, 0x40, 0x02, 0x0b, 0x00, 
0x21, 0x40, 0x00, 0x00, 0xc0, 0x85, 0x00, 0x00, 0x22, 0x40, 0x00, 0x00, 0xc0, 0xfa, 0x0a, 0x00, 
0x23, 0x40, 0x00, 0x00, 0x80, 0x07, 0x00, 0x00, 0x16, 0x01, 0x03, 0x00, 0x15, 0x01, 0x0d, 0x00, 
0x17, 0x01, 0x3f, 0x00, 0x2d, 0x01, 0x0e, 0x00, 0x02, 0x00, 0x00, 0x00, 0x30, 0x40, 0x00, 0x00, 
0x30, 0x68, 0x00, 0x00, 0x10, 0x00, 0x00, 0x00, 0x24, 0x40, 0x2d, 0x00, 0x00, 0x00, 0x00, 0x40, 
0x00, 0x40, 0x00, 0x00, 0x40, 0x27, 0x02, 0x00, 0x06, 0x40, 0x00, 0x00, 0xe0, 0x00, 0x00, 0x00, 
0x04, 0x40, 0x00, 0x00, 0x10, 0x00, 0x00, 0x00, 0x09, 0x01, 0xf4, 0xff, 0x05, 0x01, 0x41, 0x00, 
0x10, 0x40, 0x00, 0x00, 0x40, 0x94, 0x01, 0x00, 0x14, 0x01, 0x41, 0x01, 0x25, 0x01, 0x10, 0x00, 
0x16, 0x01, 0x0d, 0x00, 0x17, 0x01, 0x5f, 0x00, 0x0d, 0x01, 0x2e, 0x00, 0x2d, 0x01, 0x2e, 0x00, 
0x89, 0x01, 0x00, 0x00, 0x85, 0x01, 0x01, 0x00, 0x80, 0x01, 0x80, 0x00, 0x2f, 0x01, 0x00, 0x00, 
0x11, 0x00, 0x00, 0x00, 0x06, 0x00, 0x01, 0x00, 0x24, 0x40, 0x26, 0x00, 0x00, 0xd7, 0xea, 0x72, 
0x18, 0x01, 0x85, 0xff, 0x25, 0x01, 0x00, 0x00, 0x16, 0x01, 0x07, 0x00, 0x15, 0x01, 0x07, 0x00, 
0x17, 0x01, 0x7f, 0x00, 0x85, 0x40, 0x00, 0x00, 0x80, 0x0a, 0x00, 0x00, 0x89, 0x01, 0x80, 0xff, 
0x85, 0x01, 0x41, 0x00, 0x80, 0x01, 0x00, 0x00, 0x06, 0x00, 0x00, 0x00, 0x00, 0x40, 0x00, 0x00, 
0x40, 0x94, 0x01, 0x00, 0x09, 0x01, 0x85, 0xff, 0x00, 0x01, 0x01, 0x00, 0x01, 0x01, 0x01, 0x00, 
0x10, 0x40, 0x00, 0x00, 0x00, 0x00, 0x00, 0x00, 0x1b, 0x01, 0x06, 0x00, 0x1c, 0x01, 0x06, 0x00, 
0x1a, 0x01, 0x06, 0x00, 0x12, 0x01, 0x06, 0x00, 0x11, 0x01, 0x06, 0x00, 0x13, 0x01, 0x7f, 0x01, 
0x16, 0x40, 0x00, 0x00, 0x70, 0x00, 0x00, 0x00, 0x18, 0x01, 0x08, 0x00, 0x14, 0x01, 0x41, 0x00, 
0x21, 0x01, 0x02, 0x00, 0x20, 0x01, 0x02, 0x00, 0x22, 0x01, 0x03, 0x00, 0x20, 0x40, 0x00, 0x00, 
0x00, 0x97, 0x0b, 0x00, 0x21, 0x40, 0x00, 0x00, 0x00, 0xef, 0x08, 0x00, 0x22, 0x40, 0x00, 0x00, 
0x00, 0x88, 0x0b, 0x00, 0x23, 0x40, 0x00, 0x00, 0x00, 0x0f, 0x00, 0x00, 0x17, 0x01, 0x1f, 0x00, 
0x0d, 0x01, 0x1a, 0x00, 0x2d, 0x01, 0x1e, 0x00, 0x2f, 0x01, 0x01, 0x00, 0x02, 0x00, 0x00, 0x00, 
0x30, 0x40, 0x00, 0x00, 0x40, 0x78, 0x00, 0x00, 0x10, 0x00, 0x00, 0x00, 0x24, 0x40, 0x2d, 0x00, 
0x00, 0x00, 0x00, 0x40, 0x00, 0x40, 0x00, 0x00, 0x00, 0x00, 0x00, 0x00, 0x0b, 0x01, 0x06, 0x00, 
0x0c, 0x01, 0x06, 0x00, 0x0a, 0x01, 0x06, 0x00, 0x04, 0x01, 0x7f, 0x01, 0x06, 0x40, 0x00, 0x00, 
0x70, 0x00, 0x00, 0x00, 0x09, 0x01, 0x08, 0x00, 0x10, 0x40, 0x00, 0x00, 0x40, 0x27, 0x02, 0x00, 
0x14, 0x01, 0x41, 0x01, 0x25, 0x01, 0x10, 0x00, 0x17, 0x01, 0x7f, 0x00, 0x0d, 0x01, 0x2e, 0x00, 
0x2d, 0x01, 0x2e, 0x00, 0x89, 0x01, 0x00, 0x00, 0x85, 0x01, 0x01, 0x00, 0x80, 0x01, 0x80, 0x00, 
0x2f, 0x01, 0x00, 0x00, 0x11, 0x00, 0x00, 0x00, 0x06, 0x00, 0x01, 0x00, 0x24, 0x40, 0x25, 0x00, 
0x80, 0x7a, 0xac, 0x42, 0x18, 0x01, 0x87, 0xff, 0x25, 0x01, 0x00, 0x00, 0x80, 0x40, 0x00, 0x00, 
0x40, 0x27, 0x02, 0x00, 0x8b, 0x01, 0x06, 0x00, 0x8c, 0x01, 0x06, 0x00, 0x8a, 0x01, 0x06, 0x00, 
0x86, 0x40, 0x00, 0x00, 0x70, 0x00, 0x00, 0x00, 0x89, 0x01, 0x80, 0xff, 0x85, 0x01, 0x41, 0x00, 
0x80, 0x01, 0x00, 0x00, 0x06, 0x00, 0x00, 0x00, 0x00, 0x40, 0x00, 0x00, 0x40, 0x27, 0x02, 0x00, 
0x09, 0x01, 0x87, 0xff, 0x00, 0x01, 0x00, 0x00, 0x01, 0x01, 0x00, 0x00, 0x10, 0x40, 0x00, 0x00, 
0xc0, 0x24, 0x00, 0x00, 0x13, 0x01, 0xbf, 0x00, 0x15, 0x40, 0x00, 0x00, 0x40, 0x05, 0x00, 0x00, 
0x18, 0x01, 0xef, 0xff, 0x14, 0x01, 0x41, 0x00, 0x21, 0x01, 0x00, 0x00, 0x20, 0x01, 0x00, 0x00, 
0x22, 0x01, 0x00, 0x00, 0x20, 0x40, 0x00, 0x00, 0x80, 0x8d, 0x14, 0x00, 0x21, 0x40, 0x00, 0x00, 
0x00, 0x05, 0x01, 0x00, 0x22, 0x40, 0x00, 0x00, 0x00, 0x86, 0x14, 0x00, 0x23, 0x40, 0x00, 0x00, 
0x80, 0x07, 0x00, 0x00, 0x17, 0x01, 0x3f, 0x00, 0x0d, 0x01, 0x0a, 0x00, 0x2d, 0x01, 0x0e, 0x00, 
0x2f, 0x01, 0x02, 0x00, 0x02, 0x00, 0x00, 0x00, 0x30, 0x40, 0x00, 0x00, 0xd0, 0x80, 0x00, 0x00, 
0x10, 0x00, 0x00, 0x00, 0x24, 0x40, 0x2d, 0x00, 0x00, 0x00, 0x00, 0x40, 0x00, 0x40, 0x00, 0x00, 
0xc0, 0x24, 0x00, 0x00, 0x04, 0x01, 0xbf, 0x00, 0x05, 0x40, 0x00, 0x00, 0x40, 0x05, 0x00, 0x00, 
0x09, 0x01, 0xef, 0xff, 0x10, 0x40, 0x00, 0x00, 0x00, 0x00, 0x00, 0x00, 0x14, 0x01, 0x41, 0x01, 
0x25, 0x01, 0x10, 0x00, 0x17, 0x01, 0x7f, 0x00, 0x0d, 0x01, 0x2e, 0x00, 0x2d, 0x01, 0x2e, 0x00, 
0x89, 0x01, 0x00, 0x00, 0x85, 0x01, 0x01, 0x00, 0x80, 0x01, 0x80, 0x00, 0x2f, 0x01, 0x00, 0x00, 
0x11, 0x00, 0x00, 0x00, 0x06, 0x00, 0x01, 0x00, 0x24, 0x40, 0x26, 0x00, 0x00, 0xbf, 0xe0, 0x6c, 
0x18, 0x01, 0x8a, 0xff, 0x25, 0x01, 0x00, 0x00, 0x80, 0x40, 0x00, 0x00, 0x00, 0x00, 0x00, 0x00, 
0x85, 0x40, 0x00, 0x00, 0x40, 0x05, 0x00, 0x00, 0x89, 0x01, 0x80, 0xff, 0x85, 0x01, 0x41, 0x00, 
0x80, 0x01, 0x00, 0x00, 0x06, 0x00, 0x00, 0x00, 0x00, 0x40, 0x00, 0x00, 0x00, 0x00, 0x00, 0x00, 
0x09, 0x01, 0x8a, 0xff, 0x10, 0x40, 0x00, 0x00, 0x40, 0x27, 0x02, 0x00, 0x15, 0x40, 0x00, 0x00, 
0x00, 0x15, 0x00, 0x00, 0x14, 0x01, 0x41, 0x81, 0x16, 0x01, 0x03, 0x00, 0x15, 0x01, 0x03, 0x00, 
0x0d, 0x01, 0x0a, 0x00, 0x2d, 0x01, 0x1e, 0x00, 0x24, 0x40, 0x1f, 0x00, 0x01, 0x00, 0x00, 0x80, 
0x05, 0x00, 0x01, 0x00, 0x00, 0x01, 0x02, 0x00, 0x01, 0x01, 0x02, 0x00, 0x03, 0x01, 0x02, 0x00, 
0x02, 0x01, 0x02, 0x00, 0x10, 0x40, 0x00, 0x00, 0xc0, 0x24, 0x00, 0x00, 0x15, 0x40, 0x00, 0x00, 
0x40, 0x05, 0x00, 0x00, 0x14, 0x01, 0x41, 0x00, 0x21, 0x01, 0x04, 0x00, 0x20, 0x01, 0x04, 0x00, 
0x16, 0x01, 0x05, 0x00, 0x15, 0x01, 0x05, 0x00, 0x17, 0x01, 0x2f, 0x00, 0x0d, 0x01, 0x12, 0x00, 
0x2f, 0x01, 0x03, 0x00, 0x05, 0x00, 0x00, 0x00, 0x00, 0x40, 0x00, 0x00, 0xc0, 0x24, 0x00, 0x00, 
0x00, 0x01, 0x00, 0x00, 0x01, 0x01, 0x00, 0x00, 0x03, 0x01, 0x00, 0x00, 0x02, 0x01, 0x00, 0x00, 
0x10, 0x40, 0x00, 0x00, 0x80, 0x2c, 0x02, 0x00, 0x15, 0x40, 0x00, 0x00, 0x00, 0x15, 0x00, 0x00, 
0x14, 0x01, 0x41, 0x81, 0x21, 0x01, 0x00, 0x00, 0x20, 0x01, 0x00, 0x00, 0x16, 0x01, 0x03, 0x00, 
0x15, 0x01, 0x03, 0x00, 0x17, 0x01, 0x7f, 0x00, 0x0d, 0x01, 0x0a, 0x00, 0x05, 0x00, 0x01, 0x00, 
0x00, 0x40, 0x00, 0x00, 0x00, 0x00, 0x00, 0x00, 0x00, 0x01, 0x04, 0x00, 0x01, 0x01, 0x04, 0x00, 
0x03, 0x01, 0x04, 0x00, 0x02, 0x01, 0x04, 0x00, 0x10, 0x40, 0x00, 0x00, 0xc0, 0x24, 0x00, 0x00, 
0x15, 0x40, 0x00, 0x00, 0x40, 0x05, 0x00, 0x00, 0x14, 0x01, 0x41, 0x00, 0x21, 0x01, 0x08, 0x00, 
0x20, 0x01, 0x08, 0x00, 0x16, 0x01, 0x07, 0x00, 0x15, 0x01, 0x07, 0x00, 0x17, 0x01, 0x1f, 0x00, 
0x0d, 0x01, 0x12, 0x00, 0x05, 0x00, 0x00, 0x00, 0x00, 0x40, 0x00, 0x00, 0xc0, 0x24, 0x00, 0x00, 
0x00, 0x01, 0x00, 0x00, 0x01, 0x01, 0x00, 0x00, 0x03, 0x01, 0x00, 0x00, 0x02, 0x01, 0x00, 0x00, 
0x10, 0x40, 0x00, 0x00, 0xc0, 0x31, 0x02, 0x00, 0x15, 0x40, 0x00, 0x00, 0x00, 0x15, 0x00, 0x00, 
0x14, 0x01, 0x41, 0x81, 0x21, 0x01, 0x00, 0x00, 0x20, 0x01, 0x00, 0x00, 0x16, 0x01, 0x03, 0x00, 
0x15, 0x01, 0x03, 0x00, 0x17, 0x01, 0x7f, 0x00, 0x0d, 0x01, 0x0a, 0x00, 0x2f, 0x01, 0x00, 0x00, 
0x05, 0x00, 0x01, 0x00, 0x00, 0x40, 0x00, 0x00, 0x00, 0x00, 0x00, 0x00, 0x00, 0x01, 0x06, 0x00, 
0x01, 0x01, 0x06, 0x00, 0x03, 0x01, 0x06, 0x00, 0x02, 0x01, 0x06, 0x00, 0x10, 0x40, 0x00, 0x00, 
0xc0, 0x24, 0x00, 0x00, 0x15, 0x40, 0x00, 0x00, 0x40, 0x05, 0x00, 0x00, 0x14, 0x01, 0x41, 0x00, 
0x21, 0x01, 0x0c, 0x00, 0x20, 0x01, 0x0c, 0x00, 0x16, 0x01, 0x07, 0x00, 0x15, 0x01, 0x07, 0x00, 
0x17, 0x01, 0x1f, 0x00, 0x0d, 0x01, 0x12, 0x00, 0x2f, 0x01, 0x03, 0x00, 0x05, 0x00, 0x00, 0x00, 
0x00, 0x40, 0x00, 0x00, 0xc0, 0x24, 0x00, 0x00, 0x00, 0x01, 0x00, 0x00, 0x01, 0x01, 0x00, 0x00, 
0x03, 0x01, 0x00, 0x00, 0x02, 0x01, 0x00, 0x00, 0x10, 0x40, 0x00, 0x00, 0x00, 0x37, 0x02, 0x00, 
0x15, 0x40, 0x00, 0x00, 0x00, 0x15, 0x00, 0x00, 0x14, 0x01, 0x41, 0x81, 0x21, 0x01, 0x00, 0x00, 
0x20, 0x01, 0x00, 0x00, 0x16, 0x01, 0x03, 0x00, 0x15, 0x01, 0x03, 0x00, 0x17, 0x01, 0x7f, 0x00, 
0x0d, 0x01, 0x0a, 0x00, 0x2f, 0x01, 0x00, 0x00, 0x05, 0x00, 0x01, 0x00, 0x00, 0x40, 0x00, 0x00, 
0x40, 0x27, 0x02, 0x00, 0x04, 0x01, 0xff, 0x02, 0x05, 0x40, 0x00, 0x00, 0x00, 0x15, 0x00, 0x00, 
0x10, 0x40, 0x00, 0x00, 0x00, 0x00, 0x00, 0x00, 0x13, 0x01, 0x7f, 0x01, 0x15, 0x40, 0x00, 0x00, 
0x80, 0x0a, 0x00, 0x00, 0x18, 0x01, 0x34, 0x00, 0x14, 0x01, 0x41, 0x00, 0x20, 0x40, 0x00, 0x00, 
0x80, 0xa1, 0x15, 0x00, 0x21, 0x40, 0x00, 0x00, 0x50, 0x10, 0x04, 0x00, 0x22, 0x40, 0x00, 0x00, 
0x80, 0x92, 0x15, 0x00, 0x23, 0x40, 0x00, 0x00, 0x00, 0x0f, 0x00, 0x00, 0x16, 0x01, 0x07, 0x00, 
0x15, 0x01, 0x07, 0x00, 0x17, 0x01, 0x3f, 0x00, 0x2d, 0x01, 0x0e, 0x00, 0x2f, 0x01, 0x03, 0x00, 
0x02, 0x00, 0x00, 0x00, 0x30, 0x40, 0x00, 0x00, 0xe0, 0x90, 0x00, 0x00, 0x10, 0x00, 0x00, 0x00, 
0x24, 0x40, 0x2d, 0x00, 0x00, 0x00, 0x00, 0x40, 0x00, 0x40, 0x00, 0x00, 0x00, 0x00, 0x00, 0x00, 
0x04, 0x01, 0x7f, 0x01, 0x05, 0x40, 0x00, 0x00, 0x80, 0x0a, 0x00, 0x00, 0x09, 0x01, 0x34, 0x00, 
0x10, 0x40, 0x00, 0x00, 0x40, 0x27, 0x02, 0x00, 0x14, 0x01, 0x41, 0x01, 0x25, 0x01, 0x10, 0x00, 
0x17, 0x01, 0x7f, 0x00, 0x0d, 0x01, 0x2e, 0x00, 0x2d, 0x01, 0x2e, 0x00, 0x89, 0x01, 0x00, 0x00, 
0x85, 0x01, 0x01, 0x00, 0x80, 0x01, 0x80, 0x00, 0x2f, 0x01, 0x00, 0x00, 0x11, 0x00, 0x00, 0x00, 
0x06, 0x00, 0x01, 0x00, 0x24, 0x40, 0x25, 0x00, 0x00, 0x67, 0xde, 0x68, 0x18, 0x01, 0x88, 0xff, 
0x25, 0x01, 0x00, 0x00, 0x80, 0x40, 0x00, 0x00, 0x40, 0x27, 0x02, 0x00, 0x85, 0x40, 0x00, 0x00, 
0x80, 0x0a, 0x00, 0x00, 0x89, 0x01, 0x80, 0xff, 0x85, 0x01, 0x41, 0x00, 0x80, 0x01, 0x00, 0x00, 
0x06, 0x00, 0x00, 0x00, 0x00, 0x40, 0x00, 0x00, 0x40, 0x27, 0x02, 0x00, 0x09, 0x01, 0x88, 0xff, 
0x10, 0x40, 0x00, 0x00, 0x00, 0x00, 0x00, 0x00, 0x13, 0x01, 0xbf, 0x00, 0x15, 0x40, 0x00, 0x00, 
0x40, 0x05, 0x00, 0x00, 0x18, 0x01, 0x00, 0x00, 0x14, 0x01, 0x41, 0x00, 0x20, 0x40, 0x00, 0x00, 
0x50, 0xb9, 0x19, 0x00, 0x21, 0x40, 0x00, 0x00, 0x40, 0xff, 0x00, 0x00, 0x22, 0x40, 0x00, 0x00, 
0xd0, 0xb1, 0x19, 0x00, 0x23, 0x40, 0x00, 0x00, 0x80, 0x07, 0x00, 0x00, 0x17, 0x01, 0x3f, 0x00, 
0x0d, 0x01, 0x0a, 0x00, 0x2d, 0x01, 0x0e, 0x00, 0x2f, 0x01, 0x02, 0x00, 0x02, 0x00, 0x00, 0x00, 
0x30, 0x40, 0x00, 0x00, 0x70, 0x99, 0x00, 0x00, 0x10, 0x00, 0x00, 0x00, 0x24, 0x40, 0x2d, 0x00, 
0x00, 0x00, 0x00, 0x40, 0x00, 0x40, 0x00, 0x00, 0x00, 0x00, 0x00, 0x00, 0x04, 0x01, 0xbf, 0x00, 
0x05, 0x40, 0x00, 0x00, 0x40, 0x05, 0x00, 0x00, 0x09, 0x01, 0x00, 0x00, 0x10, 0x40, 0x00, 0x00, 
0xc0, 0x24, 0x00, 0x00, 0x14, 0x01, 0x41, 0x01, 0x25, 0x01, 0x10, 0x00, 0x17, 0x01, 0x7f, 0x00, 
0x0d, 0x01, 0x2e, 0x00, 0x2d, 0x01, 0x2e, 0x00, 0x89, 0x01, 0x00, 0x00, 0x85, 0x01, 0x01, 0x00, 
0x80, 0x01, 0x80, 0x00, 0x2f, 0x01, 0x00, 0x00, 0x11, 0x00, 0x00, 0x00, 0x06, 0x00, 0x01, 0x00, 
0x24, 0x40, 0x26, 0x00, 0x80, 0xe0, 0x5d, 0x7c, 0x18, 0x01, 0x88, 0xff, 0x25, 0x01, 0x00, 0x00, 
0x80, 0x40, 0x00, 0x00, 0xc0, 0x24, 0x00, 0x00, 0x85, 0x40, 0x00, 0x00, 0x40, 0x05, 0x00, 0x00, 
0x89, 0x01, 0x80, 0xff, 0x85, 0x01, 0x41, 0x00, 0x80, 0x01, 0x00, 0x00, 0x06, 0x00, 0x00, 0x00, 
0x00, 0x40, 0x00, 0x00, 0xc0, 0x24, 0x00, 0x00, 0x09, 0x01, 0x88, 0xff, 0x10, 0x40, 0x00, 0x00, 
0x00, 0x00, 0x00, 0x00, 0x18, 0x01, 0xff, 0xff, 0x14, 0x01, 0x41, 0x00, 0x20, 0x40, 0x00, 0x00, 
0x10, 0xc0, 0x1a, 0x00, 0x21, 0x40, 0x00, 0x00, 0xb0, 0x84, 0x00, 0x00, 0x22, 0x40, 0x00, 0x00, 
0x90, 0xb8, 0x1a, 0x00, 0x17, 0x01, 0x3f, 0x00, 0x0d, 0x01, 0x0a, 0x00, 0x2d, 0x01, 0x0e, 0x00, 
0x2f, 0x01, 0x01, 0x00, 0x02, 0x00, 0x00, 0x00, 0x30, 0x40, 0x00, 0x00, 0x00, 0xa2, 0x00, 0x00, 
0x10, 0x00, 0x00, 0x00, 0x24, 0x40, 0x2d, 0x00, 0x00, 0x00, 0x00, 0x40, 0x00, 0x40, 0x00, 0x00, 
0x00, 0x00, 0x00, 0x00, 0x09, 0x01, 0xff, 0xff, 0x10, 0x40, 0x00, 0x00, 0xc0, 0x24, 0x00, 0x00, 
0x14, 0x01, 0x41, 0x01, 0x25, 0x01, 0x10, 0x00, 0x17, 0x01, 0x7f, 0x00, 0x0d, 0x01, 0x2e, 0x00, 
0x2d, 0x01, 0x2e, 0x00, 0x89, 0x01, 0x00, 0x00, 0x85, 0x01, 0x01, 0x00, 0x80, 0x01, 0x80, 0x00, 
0x2f, 0x01, 0x00, 0x00, 0x11, 0x00, 0x00, 0x00, 0x06, 0x00, 0x01, 0x00, 0x24, 0x40, 0x26, 0x00, 
0x00, 0x26, 0xce, 0x7b, 0x18, 0x01, 0x87, 0xff, 0x25, 0x01, 0x00, 0x00, 0x89, 0x01, 0x80, 0xff, 
0x85, 0x01, 0x41, 0x00, 0x80, 0x01, 0x00, 0x00, 0x06, 0x00, 0x00, 0x00, 0x00, 0x40, 0x00, 0x00, 
0xc0, 0x24, 0x00, 0x00, 0x09, 0x01, 0x87, 0xff, 0x00, 0x01, 0x01, 0x00, 0x01, 0x01, 0x01, 0x00, 
0x03, 0x01, 0x01, 0x00, 0x02, 0x01, 0x01, 0x00, 0x10, 0x40, 0x00, 0x00, 0x00, 0x00, 0x00, 0x00, 
0x18, 0x01, 0x08, 0x00, 0x14, 0x01, 0x41, 0x00, 0x21, 0x01, 0x02, 0x00, 0x20, 0x01, 0x02, 0x00, 
0x20, 0x40, 0x00, 0x00, 0x40, 0x4c, 0x1b, 0x00, 0x21, 0x40, 0x00, 0x00, 0x90, 0xa2, 0x04, 0x00, 
0x22, 0x40, 0x00, 0x00, 0xc0, 0x44, 0x1b, 0x00, 0x17, 0x01, 0x3f, 0x00, 0x0d, 0x01, 0x0a, 0x00, 
0x2d, 0x01, 0x0e, 0x00, 0x2f, 0x01, 0x01, 0x00, 0x02, 0x00, 0x00, 0x00, 0x30, 0x40, 0x00, 0x00, 
0x90, 0xaa, 0x00, 0x00, 0x10, 0x00, 0x00, 0x00, 0x24, 0x40, 0x2d, 0x00, 0x00, 0x00, 0x00, 0x40, 
0x00, 0x40, 0x00, 0x00, 0x00, 0x00, 0x00, 0x00, 0x09, 0x01, 0x08, 0x00, 0x10, 0x40, 0x00, 0x00, 
0x80, 0x49, 0x00, 0x00, 0x14, 0x01, 0x41, 0x01, 0x25, 0x01, 0x10, 0x00, 0x17, 0x01, 0x7f, 0x00, 
0x0d, 0x01, 0x2e, 0x00, 0x2d, 0x01, 0x2e, 0x00, 0x89, 0x01, 0x00, 0x00, 0x85, 0x01, 0x01, 0x00, 
0x80, 0x01, 0x80, 0x00, 0x2f, 0x01, 0x00, 0x00, 0x11, 0x00, 0x00, 0x00, 0x06, 0x00, 0x01, 0x00, 
0x24, 0x40, 0x25, 0x00, 0x80, 0x77, 0xfd, 0x42, 0x18, 0x01, 0x87, 0xff, 0x25, 0x01, 0x00, 0x00, 
0x80, 0x40, 0x00, 0x00, 0x80, 0x49, 0x00, 0x00, 0x89, 0x01, 0x80, 0xff, 0x85, 0x01, 0x41, 0x00, 
0x80, 0x01, 0x00, 0x00, 0x06, 0x00, 0x00, 0x00, 0x00, 0x40, 0x00, 0x00, 0x80, 0x49, 0x00, 0x00, 
0x09, 0x01, 0x87, 0xff, 0x00, 0x01, 0x00, 0x00, 0x01, 0x01, 0x00, 0x00, 0x03, 0x01, 0x00, 0x00, 
0x02, 0x01, 0x00, 0x00, 0x10, 0x40, 0x00, 0x00, 0x00, 0x00, 0x00, 0x00, 0x15, 0x40, 0x00, 0x00, 
0x80, 0x0a, 0x00, 0x00, 0x14, 0x01, 0x41, 0x81, 0x21, 0x01, 0x00, 0x00, 0x20, 0x01, 0x00, 0x00, 
0x16, 0x01, 0x03, 0x00, 0x15, 0x01, 0x03, 0x00, 0x0d, 0x01, 0x0a, 0x00, 0x2d, 0x01, 0x1e, 0x00, 
0x24, 0x40, 0x1f, 0x00, 0x01, 0x00, 0x00, 0x80, 0x05, 0x00, 0x01, 0x00, 0x00, 0x40, 0x00, 0x00, 
0x40, 0x27, 0x02, 0x00, 0x04, 0x01, 0x7f, 0x01, 0x05, 0x40, 0x00, 0x00, 0x80, 0x0a, 0x00, 0x00, 
0x09, 0x01, 0x88, 0xff, 0x10, 0x40, 0x00, 0x00, 0x80, 0x49, 0x00, 0x00, 0x15, 0x40, 0x00, 0x00, 
0x40, 0x05, 0x00, 0x00, 0x18, 0x01, 0xf8, 0xff, 0x14, 0x01, 0x41, 0x00, 0x20, 0x40, 0x00, 0x00, 
0x50, 0xf6, 0x1f, 0x00, 0x21, 0x40, 0x00, 0x00, 0x00, 0x03, 0x01, 0x00, 0x22, 0x40, 0x00, 0x00, 
0xd0, 0xee, 0x1f, 0x00, 0x16, 0x01, 0x07, 0x00, 0x15, 0x01, 0x07, 0x00, 0x17, 0x01, 0x3f, 0x00, 
0x2d, 0x01, 0x0e, 0x00, 0x2f, 0x01, 0x03, 0x00, 0x02, 0x00, 0x00, 0x00, 0x30, 0x40, 0x00, 0x00, 
0x20, 0xb3, 0x00, 0x00, 0x10, 0x00, 0x00, 0x00, 0x24, 0x40, 0x2d, 0x00, 0x00, 0x00, 0x00, 0x40, 
0x00, 0x40, 0x00, 0x00, 0x80, 0x49, 0x00, 0x00, 0x04, 0x01, 0xbf, 0x00, 0x05, 0x40, 0x00, 0x00, 
0x40, 0x05, 0x00, 0x00, 0x09, 0x01, 0xf8, 0xff, 0x10, 0x40, 0x00, 0x00, 0x40, 0x27, 0x02, 0x00, 
0x14, 0x01, 0x41, 0x01, 0x25, 0x01, 0x10, 0x00, 0x17, 0x01, 0x7f, 0x00, 0x0d, 0x01, 0x2e, 0x00, 
0x2d, 0x01, 0x2e, 0x00, 0x89, 0x01, 0x00, 0x00, 0x85, 0x01, 0x01, 0x00, 0x80, 0x01, 0x80, 0x00, 
0x2f, 0x01, 0x00, 0x00, 0x11, 0x00, 0x00, 0x00, 0x06, 0x00, 0x01, 0x00, 0x24, 0x40, 0x26, 0x00, 
0x00, 0xc4, 0xac, 0x70, 0x18, 0x01, 0x87, 0xff, 0x25, 0x01, 0x00, 0x00, 0x80, 0x40, 0x00, 0x00, 
0x40, 0x27, 0x02, 0x00, 0x89, 0x01, 0x80, 0xff, 0x85, 0x01, 0x41, 0x00, 0x80, 0x01, 0x00, 0x00, 
0x06, 0x00, 0x00, 0x00, 0x00, 0x40, 0x00, 0x00, 0x40, 0x27, 0x02, 0x00, 0x09, 0x01, 0x87, 0xff, 
0x10, 0x40, 0x00, 0x00, 0x40, 0x05, 0x00, 0x00, 0x15, 0x40, 0x00, 0x00, 0x80, 0x0a, 0x00, 0x00, 
0x14, 0x01, 0x41, 0x81, 0x16, 0x01, 0x03, 0x00, 0x15, 0x01, 0x03, 0x00, 0x0d, 0x01, 0x0a, 0x00, 
0x2d, 0x01, 0x1e, 0x00, 0x24, 0x40, 0x1f, 0x00, 0x01, 0x00, 0x00, 0x80, 0x05, 0x00, 0x01, 0x00, 
0x00, 0x40, 0x00, 0x00, 0x00, 0x00, 0x00, 0x00, 0x04, 0x01, 0x7f, 0x01, 0x05, 0x40, 0x00, 0x00, 
0x80, 0x0a, 0x00, 0x00, 0x10, 0x40, 0x00, 0x00, 0x40, 0x27, 0x02, 0x00, 0x13, 0x01, 0x7f, 0x01, 
0x18, 0x01, 0x02, 0x00, 0x14, 0x01, 0x41, 0x00, 0x20, 0x40, 0x00, 0x00, 0x50, 0x08, 0x21, 0x00, 
0x21, 0x40, 0x00, 0x00, 0xa0, 0x09, 0x02, 0x00, 0x22, 0x40, 0x00, 0x00, 0x50, 0xf9, 0x20, 0x00, 
0x23, 0x40, 0x00, 0x00, 0x00, 0x0f, 0x00, 0x00, 0x16, 0x01, 0x07, 0x00, 0x15, 0x01, 0x07, 0x00, 
0x17, 0x01, 0x3f, 0x00, 0x2d, 0x01, 0x0e, 0x00, 0x2f, 0x01, 0x03, 0x00, 0x02, 0x00, 0x00, 0x00, 
0x30, 0x40, 0x00, 0x00, 0x30, 0xc3, 0x00, 0x00, 0x10, 0x00, 0x00, 0x00, 0x24, 0x40, 0x2d, 0x00, 
0x00, 0x00, 0x00, 0x40, 0x00, 0x40, 0x00, 0x00, 0x40, 0x27, 0x02, 0x00, 0x09, 0x01, 0x02, 0x00, 
0x10, 0x40, 0x00, 0x00, 0x00, 0x00, 0x00, 0x00, 0x14, 0x01, 0x41, 0x01, 0x25, 0x01, 0x10, 0x00, 
0x17, 0x01, 0x7f, 0x00, 0x0d, 0x01, 0x2e, 0x00, 0x2d, 0x01, 0x2e, 0x00, 0x89, 0x01, 0x00, 0x00, 
0x85, 0x01, 0x01, 0x00, 0x80, 0x01, 0x80, 0x00, 0x2f, 0x01, 0x00, 0x00, 0x11, 0x00, 0x00, 0x00, 
0x06, 0x00, 0x01, 0x00, 0x24, 0x40, 0x26, 0x00, 0x00, 0xad, 0x6f, 0x7e, 0x18, 0x01, 0x88, 0xff, 
0x25, 0x01, 0x00, 0x00, 0x80, 0x40, 0x00, 0x00, 0x00, 0x00, 0x00, 0x00, 0x85, 0x40, 0x00, 0x00, 
0x80, 0x0a, 0x00, 0x00, 0x89, 0x01, 0x80, 0xff, 0x85, 0x01, 0x41, 0x00, 0x80, 0x01, 0x00, 0x00, 
0x06, 0x00, 0x00, 0x00, 0x00, 0x40, 0x00, 0x00, 0x00, 0x00, 0x00, 0x00, 0x09, 0x01, 0x88, 0xff, 
0x10, 0x40, 0x00, 0x00, 0x80, 0x49, 0x00, 0x00, 0x13, 0x01, 0xbf, 0x00, 0x15, 0x40, 0x00, 0x00, 
0x40, 0x05, 0x00, 0x00, 0x18, 0x01, 0x03, 0x00, 0x14, 0x01, 0x41, 0x00, 0x20, 0x40, 0x00, 0x00, 
0x70, 0x19, 0x23, 0x00, 0x21, 0x40, 0x00, 0x00, 0x70, 0x02, 0x01, 0x00, 0x22, 0x40, 0x00, 0x00, 
0xf0, 0x11, 0x23, 0x00, 0x23, 0x40, 0x00, 0x00, 0x80, 0x07, 0x00, 0x00, 0x17, 0x01, 0x3f, 0x00, 
0x0d, 0x01, 0x0a, 0x00, 0x2d, 0x01, 0x0e, 0x00, 0x2f, 0x01, 0x02, 0x00, 0x02, 0x00, 0x00, 0x00, 
0x30, 0x40, 0x00, 0x00, 0xc0, 0xcb, 0x00, 0x00, 0x10, 0x00, 0x00, 0x00, 0x24, 0x40, 0x2d, 0x00, 
0x00, 0x00, 0x00, 0x40, 0x00, 0x40, 0x00, 0x00, 0x80, 0x49, 0x00, 0x00, 0x04, 0x01, 0xbf, 0x00, 
0x05, 0x40, 0x00, 0x00, 0x40, 0x05, 0x00, 0x00, 0x09, 0x01, 0x03, 0x00, 0x10, 0x40, 0x00, 0x00, 
0x00, 0x00, 0x00, 0x00, 0x14, 0x01, 0x41, 0x01, 0x25, 0x01, 0x10, 0x00, 0x17, 0x01, 0x7f, 0x00, 
0x0d, 0x01, 0x2e, 0x00, 0x2d, 0x01, 0x2e, 0x00, 0x89, 0x01, 0x00, 0x00, 0x85, 0x01, 0x01, 0x00, 
0x80, 0x01, 0x80, 0x00, 0x2f, 0x01, 0x00, 0x00, 0x11, 0x00, 0x00, 0x00, 0x06, 0x00, 0x01, 0x00, 
0x24, 0x40, 0x26, 0x00, 0x00, 0x55, 0x0c, 0x4f, 0x18, 0x01, 0x86, 0xff, 0x25, 0x01, 0x00, 0x00, 
0x85, 0x40, 0x00, 0x00, 0x40, 0x05, 0x00, 0x00, 0x89, 0x01, 0x80, 0xff, 0x85, 0x01, 0x41, 0x00, 
0x80, 0x01, 0x00, 0x00, 0x06, 0x00, 0x00, 0x00, 0x00, 0x40, 0x00, 0x00, 0x00, 0x00, 0x00, 0x00, 
0x09, 0x01, 0x86, 0xff, 0x10, 0x40, 0x00, 0x00, 0xc0, 0x24, 0x00, 0x00, 0x18, 0x01, 0x85, 0xff, 
0x16, 0x01, 0x03, 0x00, 0x15, 0x01, 0x03, 0x00, 0x0d, 0x01, 0x0a, 0x00, 0x2d, 0x01, 0x1e, 0x00, 
0x24, 0x40, 0x1f, 0x00, 0xc1, 0xc7, 0x1a, 0x71, 0x05, 0x00, 0x01, 0x00, 0x00, 0x40, 0x00, 0x00, 
0xc0, 0x24, 0x00, 0x00, 0x09, 0x01, 0x00, 0x00, 0x07, 0x01, 0x01, 0x00, 0x10, 0x40, 0x00, 0x00, 
0x40, 0x4d, 0x03, 0x00, 0x1b, 0x01, 0x0d, 0x00, 0x1c, 0x01, 0x0d, 0x00, 0x1a, 0x01, 0x0d, 0x00, 
0x12, 0x01, 0x0d, 0x00, 0x11, 0x01, 0x0d, 0x00, 0x16, 0x40, 0x00, 0x00, 0xe0, 0x00, 0x00, 0x00, 
0x15, 0x40, 0x00, 0x00, 0x80, 0x0a, 0x00, 0x00, 0x18, 0x01, 0x00, 0x00, 0x14, 0x01, 0x41, 0x81, 
0x16, 0x01, 0x0d, 0x00, 0x15, 0x01, 0x0d, 0x00, 0x17, 0x01, 0x0f, 0x00, 0x2d, 0x01, 0x0e, 0x00, 
0x24, 0x40, 0x1f, 0x00, 0x01, 0x00, 0x00, 0x80, 0x05, 0x00, 0x01, 0x00, 0x00, 0x40, 0x00, 0x00, 
0x40, 0x4d, 0x03, 0x00, 0x0b, 0x01, 0x0d, 0x00, 0x0c, 0x01, 0x0d, 0x00, 0x0a, 0x01, 0x0d, 0x00, 
0x06, 0x40, 0x00, 0x00, 0xe0, 0x00, 0x00, 0x00, 0x05, 0x40, 0x00, 0x00, 0x80, 0x0a, 0x00, 0x00, 
0x09, 0x01, 0x85, 0xff, 0x07, 0x01, 0x00, 0x00, 0x10, 0x40, 0x00, 0x00, 0x40, 0x27, 0x02, 0x00, 
0x15, 0x40, 0x00, 0x00, 0x00, 0x15, 0x00, 0x00, 0x18, 0x01, 0x85, 0xff, 0x16, 0x01, 0x01, 0x00, 
0x15, 0x01, 0x09, 0x00, 0x2d, 0x01, 0x1e, 0x00, 0x05, 0x00, 0x01, 0x00, 0x00, 0x40, 0x00, 0x00, 
0x40, 0x94, 0x01, 0x00, 0x10, 0x40, 0x00, 0x00, 0xc0, 0x31, 0x02, 0x00, 0x2f, 0x01, 0x03, 0x00, 
0x05, 0x00, 0x01, 0x00, 0x00, 0x40, 0x00, 0x00, 0x40, 0x27, 0x02, 0x00, 0x04, 0x01, 0x7f, 0x01, 
0x05, 0x40, 0x00, 0x00, 0x00, 0x15, 0x00, 0x00, 0x10, 0x40, 0x00, 0x00, 0xc0, 0x24, 0x00, 0x00, 
0x13, 0x01, 0x5f, 0x00, 0x15, 0x40, 0x00, 0x00, 0x40, 0x05, 0x00, 0x00, 0x18, 0x01, 0xfc, 0xff, 
0x14, 0x01, 0x41, 0x00, 0x20, 0x40, 0x00, 0x00, 0xa0, 0x1f, 0x24, 0x00, 0x21, 0x40, 0x00, 0x00, 
0xf0, 0x7e, 0x00, 0x00, 0x22, 0x40, 0x00, 0x00, 0xe0, 0x1b, 0x24, 0x00, 0x23, 0x40, 0x00, 0x00, 
0xc0, 0x03, 0x00, 0x00, 0x16, 0x01, 0x05, 0x00, 0x15, 0x01, 0x0d, 0x00, 0x17, 0x01, 0x2f, 0x00, 
0x2d, 0x01, 0x0e, 0x00, 0x02, 0x00, 0x00, 0x00, 0x30, 0x40, 0x00, 0x00, 0xa0, 0xd0, 0x00, 0x00, 
0x10, 0x00, 0x00, 0x00, 0x24, 0x40, 0x2d, 0x00, 0x00, 0x00, 0x00, 0x40, 0x00, 0x40, 0x00, 0x00, 
0xc0, 0x24, 0x00, 0x00, 0x04, 0x01, 0x5f, 0x00, 0x05, 0x40, 0x00, 0x00, 0x40, 0x05, 0x00, 0x00, 
0x09, 0x01, 0xfc, 0xff, 0x10, 0x40, 0x00, 0x00, 0x40, 0x94, 0x01, 0x00, 0x14, 0x01, 0x41, 0x01, 
0x25, 0x01, 0x10, 0x00, 0x16, 0x01, 0x0d, 0x00, 0x17, 0x01, 0x5f, 0x00, 0x0d, 0x01, 0x2e, 0x00, 
0x2d, 0x01, 0x2e, 0x00, 0x89, 0x01, 0x00, 0x00, 0x85, 0x01, 0x01, 0x00, 0x80, 0x01, 0x80, 0x00, 
0x2f, 0x01, 0x00, 0x00, 0x11, 0x00, 0x00, 0x00, 0x06, 0x00, 0x01, 0x00, 0x24, 0x40, 0x26, 0x00, 
0x00, 0xdc, 0xf0, 0x77, 0x18, 0x01, 0x89, 0xff, 0x25, 0x01, 0x00, 0x00, 0x16, 0x01, 0x0b, 0x00, 
0x17, 0x01, 0x2f, 0x00, 0x80, 0x40, 0x00, 0x00, 0x40, 0x94, 0x01, 0x00, 0x8b, 0x01, 0x0d, 0x00, 
0x8c, 0x01, 0x0d, 0x00, 0x8a, 0x01, 0x0d, 0x00, 0x86, 0x40, 0x00, 0x00, 0xe0, 0x00, 0x00, 0x00, 
0x89, 0x01, 0x80, 0xff, 0x85, 0x01, 0x41, 0x00, 0x80, 0x01, 0x00, 0x00, 0x06, 0x00, 0x00, 0x00, 
0x00, 0x40, 0x00, 0x00, 0x40, 0x94, 0x01, 0x00, 0x09, 0x01, 0x89, 0xff, 0x10, 0x40, 0x00, 0x00, 
0xc0, 0x24, 0x00, 0x00, 0x18, 0x01, 0xf0, 0xff, 0x14, 0x01, 0x41, 0x00, 0x20, 0x40, 0x00, 0x00, 
0x50, 0xa2, 0x24, 0x00, 0x21, 0x40, 0x00, 0x00, 0xa0, 0x22, 0x00, 0x00, 0x22, 0x40, 0x00, 0x00, 
0x90, 0x9e, 0x24, 0x00, 0x16, 0x01, 0x05, 0x00, 0x0d, 0x01, 0x0a, 0x00, 0x2d, 0x01, 0x0e, 0x00, 
0x2f, 0x01, 0x03, 0x00, 0x02, 0x00, 0x00, 0x00, 0x30, 0x40, 0x00, 0x00, 0x70, 0xd5, 0x00, 0x00, 
0x10, 0x00, 0x00, 0x00, 0x24, 0x40, 0x2d, 0x00, 0x00, 0x00, 0x00, 0x40, 0x00, 0x40, 0x00, 0x00, 
0xc0, 0x24, 0x00, 0x00, 0x09, 0x01, 0xf0, 0xff, 0x10, 0x40, 0x00, 0x00, 0x40, 0x94, 0x01, 0x00, 
0x14, 0x01, 0x41, 0x01, 0x25, 0x01, 0x10, 0x00, 0x16, 0x01, 0x0d, 0x00, 0x17, 0x01, 0x5f, 0x00, 
0x0d, 0x01, 0x2e, 0x00, 0x2d, 0x01, 0x2e, 0x00, 0x89, 0x01, 0x00, 0x00, 0x85, 0x01, 0x01, 0x00, 
0x80, 0x01, 0x80, 0x00, 0x2f, 0x01, 0x00, 0x00, 0x11, 0x00, 0x00, 0x00, 0x06, 0x00, 0x01, 0x00, 
0x24, 0x40, 0x26, 0x00, 0x80, 0x55, 0x1f, 0x6f, 0x18, 0x01, 0x87, 0xff, 0x25, 0x01, 0x00, 0x00, 
0x16, 0x01, 0x0b, 0x00, 0x17, 0x01, 0x2f, 0x00, 0x89, 0x01, 0x80, 0xff, 0x85, 0x01, 0x41, 0x00, 
0x80, 0x01, 0x00, 0x00, 0x06, 0x00, 0x00, 0x00, 0x00, 0x40, 0x00, 0x00, 0x40, 0x94, 0x01, 0x00, 
0x09, 0x01, 0x87, 0xff, 0x00, 0x01, 0x01, 0x00, 0x01, 0x01, 0x01, 0x00, 0x03, 0x01, 0x01, 0x00, 
0x02, 0x01, 0x01, 0x00, 0x10, 0x40, 0x00, 0x00, 0xc0, 0xdd, 0x01, 0x00, 0x18, 0x01, 0xfc, 0xff, 
0x14, 0x01, 0x41, 0x00, 0x21, 0x01, 0x02, 0x00, 0x20, 0x01, 0x02, 0x00, 0x20, 0x40, 0x00, 0x00, 
0xb0, 0xc8, 0x24, 0x00, 0x21, 0x40, 0x00, 0x00, 0xd0, 0x27, 0x01, 0x00, 0x22, 0x40, 0x00, 0x00, 
0xf0, 0xc4, 0x24, 0x00, 0x16, 0x01, 0x05, 0x00, 0x0d, 0x01, 0x0a, 0x00, 0x2d, 0x01, 0x0e, 0x00, 
0x2f, 0x01, 0x03, 0x00, 0x02, 0x00, 0x00, 0x00, 0x30, 0x40, 0x00, 0x00, 0x40, 0xda, 0x00, 0x00, 
0x10, 0x00, 0x00, 0x00, 0x24, 0x40, 0x2d, 0x00, 0x00, 0x00, 0x00, 0x40, 0x00, 0x40, 0x00, 0x00, 
0xc0, 0xdd, 0x01, 0x00, 0x09, 0x01, 0xfc, 0xff, 0x10, 0x40, 0x00, 0x00, 0xc0, 0x24, 0x00, 0x00, 
0x14, 0x01, 0x41, 0x01, 0x25, 0x01, 0x10, 0x00, 0x16, 0x01, 0x0d, 0x00, 0x17, 0x01, 0x5f, 0x00, 
0x0d, 0x01, 0x2e, 0x00, 0x2d, 0x01, 0x2e, 0x00, 0x89, 0x01, 0x00, 0x00, 0x85, 0x01, 0x01, 0x00, 
0x80, 0x01, 0x80, 0x00, 0x2f, 0x01, 0x00, 0x00, 0x11, 0x00, 0x00, 0x00, 0x06, 0x00, 0x01, 0x00, 
0x24, 0x40, 0x26, 0x00, 0x80, 0x1a, 0xf5, 0x78, 0x18, 0x01, 0x88, 0xff, 0x25, 0x01, 0x00, 0x00, 
0x16, 0x01, 0x0b, 0x00, 0x17, 0x01, 0x2f, 0x00, 0x80, 0x40, 0x00, 0x00, 0xc0, 0x24, 0x00, 0x00, 
0x89, 0x01, 0x80, 0xff, 0x85, 0x01, 0x41, 0x00, 0x80, 0x01, 0x00, 0x00, 0x06, 0x00, 0x00, 0x00, 
0x00, 0x40, 0x00, 0x00, 0xc0, 0x24, 0x00, 0x00, 0x09, 0x01, 0x88, 0xff, 0x00, 0x01, 0x00, 0x00, 
0x01, 0x01, 0x00, 0x00, 0x03, 0x01, 0x00, 0x00, 0x02, 0x01, 0x00, 0x00, 0x10, 0x40, 0x00, 0x00, 
0x40, 0x94, 0x01, 0x00, 0x15, 0x40, 0x00, 0x00, 0x80, 0x0a, 0x00, 0x00, 0x14, 0x01, 0x41, 0x81, 
0x21, 0x01, 0x00, 0x00, 0x20, 0x01, 0x00, 0x00, 0x16, 0x01, 0x01, 0x00, 0x15, 0x01, 0x09, 0x00, 
0x17, 0x01, 0x0f, 0x00, 0x0d, 0x01, 0x0a, 0x00, 0x2d, 0x01, 0x1e, 0x00, 0x24, 0x40, 0x1f, 0x00, 
0x01, 0x00, 0x00, 0x80, 0x2f, 0x01, 0x02, 0x00, 0x05, 0x00, 0x01, 0x00, 0x00, 0x40, 0x00, 0x00, 
0x40, 0x27, 0x02, 0x00, 0x04, 0x01, 0x7f, 0x01, 0x05, 0x40, 0x00, 0x00, 0x00, 0x15, 0x00, 0x00, 
0x09, 0x01, 0x85, 0xff, 0x10, 0x40, 0x00, 0x00, 0xc0, 0x24, 0x00, 0x00, 0x15, 0x40, 0x00, 0x00, 
0x40, 0x05, 0x00, 0x00, 0x18, 0x01, 0x09, 0x00, 0x14, 0x01, 0x41, 0x00, 0x20, 0x40, 0x00, 0x00, 
0x40, 0xf4, 0x25, 0x00, 0x21, 0x40, 0x00, 0x00, 0xd0, 0x81, 0x00, 0x00, 0x22, 0x40, 0x00, 0x00, 
0x80, 0xf0, 0x25, 0x00, 0x16, 0x01, 0x05, 0x00, 0x15, 0x01, 0x0d, 0x00, 0x17, 0x01, 0x2f, 0x00, 
0x2d, 0x01, 0x0e, 0x00, 0x2f, 0x01, 0x03, 0x00, 0x02, 0x00, 0x00, 0x00, 0x30, 0x40, 0x00, 0x00, 
0x10, 0xdf, 0x00, 0x00, 0x10, 0x00, 0x00, 0x00, 0x24, 0x40, 0x2d, 0x00, 0x00, 0x00, 0x00, 0x40, 
0x00, 0x40, 0x00, 0x00, 0xc0, 0x24, 0x00, 0x00, 0x04, 0x01, 0x5f, 0x00, 0x05, 0x40, 0x00, 0x00, 
0x40, 0x05, 0x00, 0x00, 0x09, 0x01, 0x09, 0x00, 0x10, 0x40, 0x00, 0x00, 0x40, 0x27, 0x02, 0x00, 
0x14, 0x01, 0x41, 0x01, 0x25, 0x01, 0x10, 0x00, 0x16, 0x01, 0x0d, 0x00, 0x17, 0x01, 0x5f, 0x00, 
0x0d, 0x01, 0x2e, 0x00, 0x2d, 0x01, 0x2e, 0x00, 0x89, 0x01, 0x00, 0x00, 0x85, 0x01, 0x01, 0x00, 
0x80, 0x01, 0x80, 0x00, 0x2f, 0x01, 0x00, 0x00, 0x11, 0x00, 0x00, 0x00, 0x06, 0x00, 0x01, 0x00, 
0x24, 0x40, 0x26, 0x00, 0x00, 0xef, 0x2f, 0x75, 0x18, 0x01, 0x88, 0xff, 0x25, 0x01, 0x00, 0x00, 
0x16, 0x01, 0x0b, 0x00, 0x17, 0x01, 0x2f, 0x00, 0x80, 0x40, 0x00, 0x00, 0x40, 0x27, 0x02, 0x00, 
0x89, 0x01, 0x80, 0xff, 0x85, 0x01, 0x41, 0x00, 0x80, 0x01, 0x00, 0x00, 0x06, 0x00, 0x00, 0x00, 
0x00, 0x40, 0x00, 0x00, 0x40, 0x27, 0x02, 0x00, 0x09, 0x01, 0x88, 0xff, 0x10, 0x40, 0x00, 0x00, 
0x80, 0x99, 0x01, 0x00, 0x15, 0x40, 0x00, 0x00, 0x80, 0x0a, 0x00, 0x00, 0x14, 0x01, 0x41, 0x81, 
0x16, 0x01, 0x01, 0x00, 0x15, 0x01, 0x09, 0x00, 0x17, 0x01, 0x0f, 0x00, 0x0d, 0x01, 0x0a, 0x00, 
0x2d, 0x01, 0x1e, 0x00, 0x24, 0x40, 0x1f, 0x00, 0x01, 0x00, 0x00, 0x80, 0x2f, 0x01, 0x02, 0x00, 
0x05, 0x00, 0x01, 0x00, 0x00, 0x40, 0x00, 0x00, 0x40, 0x94, 0x01, 0x00, 0x04, 0x01, 0xbf, 0x00, 
0x05, 0x40, 0x00, 0x00, 0x80, 0x0a, 0x00, 0x00, 0x10, 0x40, 0x00, 0x00, 0x40, 0x27, 0x02, 0x00, 
0x13, 0x01, 0xbf, 0x00, 0x18, 0x01, 0xfb, 0xff, 0x14, 0x01, 0x41, 0x00, 0x20, 0x40, 0x00, 0x00, 
0x90, 0x7d, 0x26, 0x00, 0x21, 0x40, 0x00, 0x00, 0xe0, 0x82, 0x00, 0x00, 0x22, 0x40, 0x00, 0x00, 
0x10, 0x76, 0x26, 0x00, 0x23, 0x40, 0x00, 0x00, 0x80, 0x07, 0x00, 0x00, 0x16, 0x01, 0x03, 0x00, 
0x15, 0x01, 0x0d, 0x00, 0x17, 0x01, 0x3f, 0x00, 0x2d, 0x01, 0x0e, 0x00, 0x2f, 0x01, 0x03, 0x00, 
0x02, 0x00, 0x00, 0x00, 0x30, 0x40, 0x00, 0x00, 0xa0, 0xe7, 0x00, 0x00, 0x10, 0x00, 0x00, 0x00, 
0x24, 0x40, 0x2d, 0x00, 0x00, 0x00, 0x00, 0x40, 0x00, 0x40, 0x00, 0x00, 0x40, 0x27, 0x02, 0x00, 
0x09, 0x01, 0xfb, 0xff, 0x10, 0x40, 0x00, 0x00, 0x40, 0x94, 0x01, 0x00, 0x14, 0x01, 0x41, 0x01, 
0x25, 0x01, 0x10, 0x00, 0x16, 0x01, 0x0d, 0x00, 0x17, 0x01, 0x5f, 0x00, 0x0d, 0x01, 0x2e, 0x00, 
0x2d, 0x01, 0x2e, 0x00, 0x89, 0x01, 0x00, 0x00, 0x85, 0x01, 0x01, 0x00, 0x80, 0x01, 0x80, 0x00, 
0x2f, 0x01, 0x00, 0x00, 0x11, 0x00, 0x00, 0x00, 0x06, 0x00, 0x01, 0x00, 0x24, 0x40, 0x26, 0x00, 
0x80, 0x3a, 0xe2, 0x77, 0x18, 0x01, 0x88, 0xff, 0x25, 0x01, 0x00, 0x00, 0x16, 0x01, 0x07, 0x00, 
0x15, 0x01, 0x07, 0x00, 0x17, 0x01, 0x7f, 0x00, 0x80, 0x40, 0x00, 0x00, 0x40, 0x94, 0x01, 0x00, 
0x85, 0x40, 0x00, 0x00, 0x80, 0x0a, 0x00, 0x00, 0x89, 0x01, 0x80, 0xff, 0x85, 0x01, 0x41, 0x00, 
0x80, 0x01, 0x00, 0x00, 0x06, 0x00, 0x00, 0x00, 0x00, 0x40, 0x00, 0x00, 0x40, 0x94, 0x01, 0x00, 
0x09, 0x01, 0x88, 0xff, 0x10, 0x40, 0x00, 0x00, 0x40, 0x27, 0x02, 0x00, 0x13, 0x01, 0x5f, 0x00, 
0x15, 0x40, 0x00, 0x00, 0x40, 0x05, 0x00, 0x00, 0x18, 0x01, 0xfa, 0xff, 0x14, 0x01, 0x41, 0x00, 
0x20, 0x40, 0x00, 0x00, 0x30, 0x04, 0x27, 0x00, 0x21, 0x40, 0x00, 0x00, 0xb0, 0x41, 0x00, 0x00, 
0x22, 0x40, 0x00, 0x00, 0x70, 0x00, 0x27, 0x00, 0x23, 0x40, 0x00, 0x00, 0xc0, 0x03, 0x00, 0x00, 
0x16, 0x01, 0x05, 0x00, 0x15, 0x01, 0x0d, 0x00, 0x17, 0x01, 0x2f, 0x00, 0x0d, 0x01, 0x0a, 0x00, 
0x2d, 0x01, 0x0e, 0x00, 0x2f, 0x01, 0x03, 0x00, 0x02, 0x00, 0x00, 0x00, 0x30, 0x40, 0x00, 0x00, 
0x70, 0xec, 0x00, 0x00, 0x10, 0x00, 0x00, 0x00, 0x24, 0x40, 0x2d, 0x00, 0x00, 0x00, 0x00, 0x40, 
0x00, 0x40, 0x00, 0x00, 0x40, 0x27, 0x02, 0x00, 0x04, 0x01, 0x5f, 0x00, 0x05, 0x40, 0x00, 0x00, 
0x40, 0x05, 0x00, 0x00, 0x09, 0x01, 0xfa, 0xff, 0x10, 0x40, 0x00, 0x00, 0xc0, 0x24, 0x00, 0x00, 
0x14, 0x01, 0x41, 0x01, 0x25, 0x01, 0x10, 0x00, 0x16, 0x01, 0x0d, 0x00, 0x17, 0x01, 0x5f, 0x00, 
0x0d, 0x01, 0x2e, 0x00, 0x2d, 0x01, 0x2e, 0x00, 0x89, 0x01, 0x00, 0x00, 0x85, 0x01, 0x01, 0x00, 
0x80, 0x01, 0x80, 0x00, 0x2f, 0x01, 0x00, 0x00, 0x11, 0x00, 0x00, 0x00, 0x06, 0x00, 0x01, 0x00, 
0x24, 0x40, 0x26, 0x00, 0x00, 0xed, 0xbd, 0x68, 0x18, 0x01, 0x88, 0xff, 0x25, 0x01, 0x00, 0x00, 
0x16, 0x01, 0x0b, 0x00, 0x17, 0x01, 0x2f, 0x00, 0x80, 0x40, 0x00, 0x00, 0xc0, 0x24, 0x00, 0x00, 
0x85, 0x40, 0x00, 0x00, 0x40, 0x05, 0x00, 0x00, 0x89, 0x01, 0x80, 0xff, 0x85, 0x01, 0x41, 0x00, 
0x80, 0x01, 0x00, 0x00, 0x06, 0x00, 0x00, 0x00, 0x00, 0x40, 0x00, 0x00, 0xc0, 0x24, 0x00, 0x00, 
0x09, 0x01, 0x88, 0xff, 0x10, 0x40, 0x00, 0x00, 0x40, 0x94, 0x01, 0x00, 0x18, 0x01, 0x87, 0xff, 
0x16, 0x01, 0x01, 0x00, 0x15, 0x01, 0x09, 0x00, 0x17, 0x01, 0x0f, 0x00, 0x0d, 0x01, 0x0a, 0x00, 
0x2d, 0x01, 0x1e, 0x00, 0x24, 0x40, 0x1f, 0x00, 0x9f, 0xfa, 0x73, 0x6b, 0x2f, 0x01, 0x02, 0x00, 
0x05, 0x00, 0x01, 0x00, 0x00, 0x40, 0x00, 0x00, 0x40, 0x94, 0x01, 0x00, 0x09, 0x01, 0x00, 0x00, 
0x07, 0x01, 0x01, 0x00, 0x10, 0x40, 0x00, 0x00, 0x40, 0xe0, 0x03, 0x00, 0x1b, 0x01, 0x1b, 0x00, 
0x1c, 0x01, 0x1b, 0x00, 0x1a, 0x01, 0x1b, 0x00, 0x12, 0x01, 0x1b, 0x00, 0x11, 0x01, 0x1b, 0x00, 
0x16, 0x40, 0x00, 0x00, 0xc0, 0x01, 0x00, 0x00, 0x15, 0x40, 0x00, 0x00, 0x80, 0x0a, 0x00, 0x00, 
0x18, 0x01, 0x00, 0x00, 0x14, 0x01, 0x41, 0x81, 0x16, 0x01, 0x0d, 0x00, 0x15, 0x01, 0x11, 0x00, 
0x2d, 0x01, 0x0e, 0x00, 0x24, 0x40, 0x1f, 0x00, 0x01, 0x00, 0x00, 0x80, 0x2f, 0x01, 0x00, 0x00, 
0x05, 0x00, 0x01, 0x00, 0x00, 0x40, 0x00, 0x00, 0x40, 0xe0, 0x03, 0x00, 0x0b, 0x01, 0x1b, 0x00, 
0x0c, 0x01, 0x1b, 0x00, 0x0a, 0x01, 0x1b, 0x00, 0x06, 0x40, 0x00, 0x00, 0xc0, 0x01, 0x00, 0x00, 
0x05, 0x40, 0x00, 0x00, 0x80, 0x0a, 0x00, 0x00, 0x09, 0x01, 0x87, 0xff, 0x07, 0x01, 0x00, 0x00, 
0x10, 0x40, 0x00, 0x00, 0x40, 0x94, 0x01, 0x00, 0x15, 0x40, 0x00, 0x00, 0x00, 0x15, 0x00, 0x00, 
0x18, 0x01, 0x87, 0xff, 0x16, 0x01, 0x01, 0x00, 0x15, 0x01, 0x09, 0x00, 0x2d, 0x01, 0x1e, 0x00, 
0x2f, 0x01, 0x03, 0x00, 0x05, 0x00, 0x01, 0x00, 0x00, 0x40, 0x00, 0x00, 0x40, 0x6e, 0x00, 0x00, 
0x10, 0x40, 0x00, 0x00, 0xc0, 0x9e, 0x01, 0x00, 0x05, 0x00, 0x01, 0x00, 0x00, 0x40, 0x00, 0x00, 
0x40, 0x94, 0x01, 0x00, 0x04, 0x01, 0xbf, 0x00, 0x05, 0x40, 0x00, 0x00, 0x00, 0x15, 0x00, 0x00, 
0x10, 0x40, 0x00, 0x00, 0x40, 0x6e, 0x00, 0x00, 0x13, 0x01, 0x2f, 0x00, 0x15, 0x40, 0x00, 0x00, 
0x40, 0x05, 0x00, 0x00, 0x18, 0x01, 0x1a, 0x00, 0x14, 0x01, 0x41, 0x00, 0x20, 0x40, 0x00, 0x00, 
0xc0, 0x47, 0x27, 0x00, 0x21, 0x40, 0x00, 0x00, 0xa0, 0x21, 0x00, 0x00, 0x22, 0x40, 0x00, 0x00, 
0xe0, 0x45, 0x27, 0x00, 0x23, 0x40, 0x00, 0x00, 0xe0, 0x01, 0x00, 0x00, 0x16, 0x01, 0x05, 0x00, 
0x15, 0x01, 0x0d, 0x00, 0x17, 0x01, 0x2f, 0x00, 0x2d, 0x01, 0x0e, 0x00, 0x02, 0x00, 0x00, 0x00, 
0x30, 0x40, 0x00, 0x00, 0x70, 0xef, 0x00, 0x00, 0x10, 0x00, 0x00, 0x00, 0x24, 0x40, 0x2d, 0x00, 
0x00, 0x00, 0x00, 0x40, 0x00, 0x40, 0x00, 0x00, 0x40, 0x6e, 0x00, 0x00, 0x04, 0x01, 0x2f, 0x00, 
0x05, 0x40, 0x00, 0x00, 0x40, 0x05, 0x00, 0x00, 0x09, 0x01, 0x1a, 0x00, 0x10, 0x40, 0x00, 0x00, 
0x40, 0x01, 0x01, 0x00, 0x14, 0x01, 0x41, 0x01, 0x25, 0x01, 0x10, 0x00, 0x16, 0x01, 0x17, 0x00, 
0x15, 0x01, 0x19, 0x00, 0x17, 0x01, 0x1f, 0x00, 0x0d, 0x01, 0x2e, 0x00, 0x2d, 0x01, 0x2e, 0x00, 
0x89, 0x01, 0x00, 0x00, 0x85, 0x01, 0x01, 0x00, 0x80, 0x01, 0x80, 0x00, 0x2f, 0x01, 0x02, 0x00, 
0x11, 0x00, 0x00, 0x00, 0x06, 0x00, 0x01, 0x00, 0x24, 0x40, 0x25, 0x00, 0x00, 0x37, 0xd7, 0x4c, 
0x18, 0x01, 0x8f, 0xff, 0x25, 0x01, 0x00, 0x00, 0x16, 0x01, 0x0f, 0x00, 0x15, 0x01, 0x0f, 0x00, 
0x80, 0x40, 0x00, 0x00, 0x40, 0x01, 0x01, 0x00, 0x8b, 0x01, 0x1b, 0x00, 0x8c, 0x01, 0x1b, 0x00, 
0x8a, 0x01, 0x1b, 0x00, 0x86, 0x40, 0x00, 0x00, 0xc0, 0x01, 0x00, 0x00, 0x89, 0x01, 0x80, 0xff, 
0x85, 0x01, 0x41, 0x00, 0x80, 0x01, 0x00, 0x00, 0x2f, 0x01, 0x03, 0x00, 0x06, 0x00, 0x00, 0x00, 
0x00, 0x40, 0x00, 0x00, 0x40, 0x01, 0x01, 0x00, 0x09, 0x01, 0x8f, 0xff, 0x10, 0x40, 0x00, 0x00, 
0x40, 0x6e, 0x00, 0x00, 0x18, 0x01, 0xf7, 0xff, 0x14, 0x01, 0x41, 0x00, 0x20, 0x40, 0x00, 0x00, 
0x40, 0x6b, 0x27, 0x00, 0x21, 0x40, 0x00, 0x00, 0x60, 0x0a, 0x00, 0x00, 0x22, 0x40, 0x00, 0x00, 
0x60, 0x69, 0x27, 0x00, 0x16, 0x01, 0x05, 0x00, 0x15, 0x01, 0x0d, 0x00, 0x17, 0x01, 0x2f, 0x00, 
0x0d, 0x01, 0x0a, 0x00, 0x2d, 0x01, 0x0e, 0x00, 0x02, 0x00, 0x00, 0x00, 0x30, 0x40, 0x00, 0x00, 
0x60, 0xf2, 0x00, 0x00, 0x10, 0x00, 0x00, 0x00, 0x24, 0x40, 0x2d, 0x00, 0x00, 0x00, 0x00, 0x40, 
0x00, 0x40, 0x00, 0x00, 0x40, 0x6e, 0x00, 0x00, 0x09, 0x01, 0xf7, 0xff, 0x10, 0x40, 0x00, 0x00, 
0x40, 0x01, 0x01, 0x00, 0x14, 0x01, 0x41, 0x01, 0x25, 0x01, 0x10, 0x00, 0x16, 0x01, 0x17, 0x00, 
0x15, 0x01, 0x19, 0x00, 0x17, 0x01, 0x1f, 0x00, 0x0d, 0x01, 0x2e, 0x00, 0x2d, 0x01, 0x2e, 0x00, 
0x89, 0x01, 0x00, 0x00, 0x85, 0x01, 0x01, 0x00, 0x80, 0x01, 0x80, 0x00, 0x2f, 0x01, 0x02, 0x00, 
0x11, 0x00, 0x00, 0x00, 0x06, 0x00, 0x01, 0x00, 0x24, 0x40, 0x26, 0x00, 0x00, 0xd9, 0x51, 0x74, 
0x18, 0x01, 0x88, 0xff, 0x25, 0x01, 0x00, 0x00, 0x16, 0x01, 0x0f, 0x00, 0x15, 0x01, 0x0f, 0x00, 
0x89, 0x01, 0x80, 0xff, 0x85, 0x01, 0x41, 0x00, 0x80, 0x01, 0x00, 0x00, 0x2f, 0x01, 0x03, 0x00, 
0x06, 0x00, 0x00, 0x00, 0x00, 0x40, 0x00, 0x00, 0x40, 0x01, 0x01, 0x00, 0x09, 0x01, 0x88, 0xff, 
0x00, 0x01, 0x01, 0x00, 0x01, 0x01, 0x01, 0x00, 0x03, 0x01, 0x01, 0x00, 0x02, 0x01, 0x01, 0x00, 
0x10, 0x40, 0x00, 0x00, 0x40, 0x6e, 0x00, 0x00, 0x18, 0x01, 0xfd, 0xff, 0x14, 0x01, 0x41, 0x00, 
0x21, 0x01, 0x02, 0x00, 0x20, 0x01, 0x02, 0x00, 0x22, 0x01, 0x04, 0x00, 0x20, 0x40, 0x00, 0x00, 
0x80, 0x77, 0x27, 0x00, 0x21, 0x40, 0x00, 0x00, 0x70, 0x56, 0x00, 0x00, 0x22, 0x40, 0x00, 0x00, 
0xa0, 0x75, 0x27, 0x00, 0x16, 0x01, 0x05, 0x00, 0x15, 0x01, 0x0d, 0x00, 0x17, 0x01, 0x2f, 0x00, 
0x0d, 0x01, 0x0a, 0x00, 0x2d, 0x01, 0x0e, 0x00, 0x02, 0x00, 0x00, 0x00, 0x30, 0x40, 0x00, 0x00, 
0x50, 0xf5, 0x00, 0x00, 0x10, 0x00, 0x00, 0x00, 0x24, 0x40, 0x2d, 0x00, 0x00, 0x00, 0x00, 0x40, 
0x00, 0x40, 0x00, 0x00, 0x40, 0x6e, 0x00, 0x00, 0x09, 0x01, 0xfd, 0xff, 0x10, 0x40, 0x00, 0x00, 
0x40, 0xe0, 0x03, 0x00, 0x14, 0x01, 0x41, 0x01, 0x25, 0x01, 0x10, 0x00, 0x16, 0x01, 0x17, 0x00, 
0x15, 0x01, 0x19, 0x00, 0x17, 0x01, 0x1f, 0x00, 0x0d, 0x01, 0x2e, 0x00, 0x2d, 0x01, 0x2e, 0x00, 
0x89, 0x01, 0x00, 0x00, 0x85, 0x01, 0x01, 0x00, 0x80, 0x01, 0x80, 0x00, 0x2f, 0x01, 0x02, 0x00, 
0x11, 0x00, 0x00, 0x00, 0x06, 0x00, 0x01, 0x00, 0x24, 0x40, 0x26, 0x00, 0x00, 0x46, 0x10, 0x79, 
0x18, 0x01, 0x88, 0xff, 0x25, 0x01, 0x00, 0x00, 0x16, 0x01, 0x0f, 0x00, 0x15, 0x01, 0x0f, 0x00, 
0x80, 0x40, 0x00, 0x00, 0x40, 0xe0, 0x03, 0x00, 0x89, 0x01, 0x80, 0xff, 0x85, 0x01, 0x41, 0x00, 
0x80, 0x01, 0x00, 0x00, 0x2f, 0x01, 0x03, 0x00, 0x06, 0x00, 0x00, 0x00, 0x00, 0x40, 0x00, 0x00, 
0x40, 0xe0, 0x03, 0x00, 0x09, 0x01, 0x88, 0xff, 0x00, 0x01, 0x00, 0x00, 0x01, 0x01, 0x00, 0x00, 
0x03, 0x01, 0x00, 0x00, 0x02, 0x01, 0x00, 0x00, 0x10, 0x40, 0x00, 0x00, 0x40, 0x6e, 0x00, 0x00, 
0x15, 0x40, 0x00, 0x00, 0x80, 0x0a, 0x00, 0x00, 0x14, 0x01, 0x41, 0x81, 0x21, 0x01, 0x00, 0x00, 
0x20, 0x01, 0x00, 0x00, 0x22, 0x01, 0x00, 0x00, 0x16, 0x01, 0x01, 0x00, 0x15, 0x01, 0x09, 0x00, 
0x17, 0x01, 0x0f, 0x00, 0x0d, 0x01, 0x0a, 0x00, 0x2d, 0x01, 0x1e, 0x00, 0x24, 0x40, 0x1f, 0x00, 
0x01, 0x00, 0x00, 0x80, 0x05, 0x00, 0x01, 0x00, 0x00, 0x40, 0x00, 0x00, 0x40, 0x94, 0x01, 0x00, 
0x04, 0x01, 0xbf, 0x00, 0x05, 0x40, 0x00, 0x00, 0x00, 0x15, 0x00, 0x00, 0x09, 0x01, 0x87, 0xff, 
0x10, 0x40, 0x00, 0x00, 0x40, 0xe0, 0x03, 0x00, 0x15, 0x40, 0x00, 0x00, 0x40, 0x05, 0x00, 0x00, 
0x18, 0x01, 0x1f, 0x00, 0x14, 0x01, 0x41, 0x00, 0x20, 0x40, 0x00, 0x00, 0xd0, 0xcf, 0x27, 0x00, 
0x21, 0x40, 0x00, 0x00, 0x10, 0x20, 0x00, 0x00, 0x22, 0x40, 0x00, 0x00, 0xf0, 0xcd, 0x27, 0x00, 
0x16, 0x01, 0x05, 0x00, 0x15, 0x01, 0x0d, 0x00, 0x17, 0x01, 0x2f, 0x00, 0x2d, 0x01, 0x0e, 0x00, 
0x02, 0x00, 0x00, 0x00, 0x30, 0x40, 0x00, 0x00, 0x40, 0xf8, 0x00, 0x00, 0x10, 0x00, 0x00, 0x00, 
0x24, 0x40, 0x2d, 0x00, 0x00, 0x00, 0x00, 0x40, 0x00, 0x40, 0x00, 0x00, 0x40, 0xe0, 0x03, 0x00, 
0x04, 0x01, 0x2f, 0x00, 0x05, 0x40, 0x00, 0x00, 0x40, 0x05, 0x00, 0x00, 0x09, 0x01, 0x1f, 0x00, 
0x10, 0x40, 0x00, 0x00, 0x40, 0x94, 0x01, 0x00, 0x14, 0x01, 0x41, 0x01, 0x25, 0x01, 0x10, 0x00, 
0x16, 0x01, 0x17, 0x00, 0x15, 0x01, 0x19, 0x00, 0x17, 0x01, 0x1f, 0x00, 0x0d, 0x01, 0x2e, 0x00, 
0x2d, 0x01, 0x2e, 0x00, 0x89, 0x01, 0x00, 0x00, 0x85, 0x01, 0x01, 0x00, 0x80, 0x01, 0x80, 0x00, 
0x2f, 0x01, 0x02, 0x00, 0x11, 0x00, 0x00, 0x00, 0x06, 0x00, 0x01, 0x00, 0x24, 0x40, 0x26, 0x00, 
0x00, 0x40, 0x89, 0x5a, 0x18, 0x01, 0x88, 0xff, 0x25, 0x01, 0x00, 0x00, 0x16, 0x01, 0x0f, 0x00, 
0x15, 0x01, 0x0f, 0x00, 0x80, 0x40, 0x00, 0x00, 0x40, 0x94, 0x01, 0x00, 0x89, 0x01, 0x80, 0xff, 
0x85, 0x01, 0x41, 0x00, 0x80, 0x01, 0x00, 0x00, 0x2f, 0x01, 0x03, 0x00, 0x06, 0x00, 0x00, 0x00, 
0x00, 0x40, 0x00, 0x00, 0x40, 0x94, 0x01, 0x00, 0x09, 0x01, 0x88, 0xff, 0x10, 0x40, 0x00, 0x00, 
0x80, 0x73, 0x00, 0x00, 0x15, 0x40, 0x00, 0x00, 0x80, 0x0a, 0x00, 0x00, 0x14, 0x01, 0x41, 0x81, 
0x16, 0x01, 0x01, 0x00, 0x15, 0x01, 0x09, 0x00, 0x17, 0x01, 0x0f, 0x00, 0x0d, 0x01, 0x0a, 0x00, 
0x2d, 0x01, 0x1e, 0x00, 0x24, 0x40, 0x1f, 0x00, 0x01, 0x00, 0x00, 0x80, 0x05, 0x00, 0x01, 0x00, 
0x00, 0x40, 0x00, 0x00, 0x40, 0x6e, 0x00, 0x00, 0x04, 0x01, 0x5f, 0x00, 0x05, 0x40, 0x00, 0x00, 
0x80, 0x0a, 0x00, 0x00, 0x10, 0x40, 0x00, 0x00, 0x40, 0x94, 0x01, 0x00, 0x13, 0x01, 0x5f, 0x00, 
0x18, 0x01, 0x1d, 0x00, 0x14, 0x01, 0x41, 0x00, 0x20, 0x40, 0x00, 0x00, 0xa0, 0xf3, 0x27, 0x00, 
0x21, 0x40, 0x00, 0x00, 0x40, 0x20, 0x00, 0x00, 0x22, 0x40, 0x00, 0x00, 0xe0, 0xef, 0x27, 0x00, 
0x23, 0x40, 0x00, 0x00, 0xc0, 0x03, 0x00, 0x00, 0x16, 0x01, 0x05, 0x00, 0x15, 0x01, 0x0d, 0x00, 
0x17, 0x01, 0x2f, 0x00, 0x2d, 0x01, 0x0e, 0x00, 0x02, 0x00, 0x00, 0x00, 0x30, 0x40, 0x00, 0x00, 
0x10, 0xfd, 0x00, 0x00, 0x10, 0x00, 0x00, 0x00, 0x24, 0x40, 0x2d, 0x00, 0x00, 0x00, 0x00, 0x40, 
0x00, 0x40, 0x00, 0x00, 0x40, 0x94, 0x01, 0x00, 0x09, 0x01, 0x1d, 0x00, 0x10, 0x40, 0x00, 0x00, 
0x40, 0x6e, 0x00, 0x00, 0x14, 0x01, 0x41, 0x01, 0x25, 0x01, 0x10, 0x00, 0x16, 0x01, 0x0f, 0x00, 
0x15, 0x01, 0x13, 0x00, 0x17, 0x01, 0x3f, 0x00, 0x0d, 0x01, 0x2e, 0x00, 0x2d, 0x01, 0x2e, 0x00, 
0x89, 0x01, 0x00, 0x00, 0x85, 0x01, 0x01, 0x00, 0x80, 0x01, 0x80, 0x00, 0x11, 0x00, 0x00, 0x00, 
0x06, 0x00, 0x01, 0x00, 0x24, 0x40, 0x25, 0x00, 0x80, 0x36, 0xdf, 0x4f, 0x18, 0x01, 0x8a, 0xff, 
0x25, 0x01, 0x00, 0x00, 0x15, 0x01, 0x0f, 0x00, 0x17, 0x01, 0x1f, 0x00, 0x80, 0x40, 0x00, 0x00, 
0x40, 0x6e, 0x00, 0x00, 0x85, 0x40, 0x00, 0x00, 0x80, 0x0a, 0x00, 0x00, 0x89, 0x01, 0x80, 0xff, 
0x85, 0x01, 0x41, 0x00, 0x80, 0x01, 0x00, 0x00, 0x06, 0x00, 0x00, 0x00, 0x00, 0x40, 0x00, 0x00, 
0x40, 0x6e, 0x00, 0x00, 0x09, 0x01, 0x8a, 0xff, 0x10, 0x40, 0x00, 0x00, 0x40, 0xba, 0x02, 0x00, 
0x18, 0x01, 0x1b, 0x00, 0x14, 0x01, 0x41, 0x00, 0x20, 0x40, 0x00, 0x00, 0xa0, 0x17, 0x28, 0x00, 
0x21, 0x40, 0x00, 0x00, 0x20, 0x20, 0x00, 0x00, 0x22, 0x40, 0x00, 0x00, 0xe0, 0x13, 0x28, 0x00, 
0x16, 0x01, 0x05, 0x00, 0x15, 0x01, 0x0d, 0x00, 0x17, 0x01, 0x2f, 0x00, 0x0d, 0x01, 0x0a, 0x00, 
0x2d, 0x01, 0x0e, 0x00, 0x02, 0x00, 0x00, 0x00, 0x30, 0x40, 0x00, 0x00, 0xe0, 0x01, 0x01, 0x00, 
0x10, 0x00, 0x00, 0x00, 0x24, 0x40, 0x2d, 0x00, 0x00, 0x00, 0x00, 0x40, 0x00, 0x40, 0x00, 0x00, 
0x40, 0xba, 0x02, 0x00, 0x09, 0x01, 0x1b, 0x00, 0x10, 0x40, 0x00, 0x00, 0x40, 0x94, 0x01, 0x00, 
0x14, 0x01, 0x41, 0x01, 0x25, 0x01, 0x10, 0x00, 0x16, 0x01, 0x0f, 0x00, 0x15, 0x01, 0x13, 0x00, 
0x17, 0x01, 0x3f, 0x00, 0x0d, 0x01, 0x2e, 0x00, 0x2d, 0x01, 0x2e, 0x00, 0x89, 0x01, 0x00, 0x00, 
0x85, 0x01, 0x01, 0x00, 0x80, 0x01, 0x80, 0x00, 0x11, 0x00, 0x00, 0x00, 0x06, 0x00, 0x01, 0x00, 
0x24, 0x40, 0x25, 0x00, 0x00, 0x09, 0x6f, 0x4f, 0x18, 0x01, 0x88, 0xff, 0x25, 0x01, 0x00, 0x00, 
0x15, 0x01, 0x0f, 0x00, 0x17, 0x01, 0x1f, 0x00, 0x80, 0x40, 0x00, 0x00, 0x40, 0x94, 0x01, 0x00, 
0x89, 0x01, 0x80, 0xff, 0x85, 0x01, 0x41, 0x00, 0x80, 0x01, 0x00, 0x00, 0x06, 0x00, 0x00, 0x00, 
0x00, 0x40, 0x00, 0x00, 0x40, 0x94, 0x01, 0x00, 0x09, 0x01, 0x88, 0xff, 0x00, 0x01, 0x01, 0x00, 
0x01, 0x01, 0x01, 0x00, 0x03, 0x01, 0x01, 0x00, 0x02, 0x01, 0x01, 0x00, 0x10, 0x40, 0x00, 0x00, 
0x40, 0xba, 0x02, 0x00, 0x18, 0x01, 0x23, 0x00, 0x14, 0x01, 0x41, 0x00, 0x21, 0x01, 0x02, 0x00, 
0x20, 0x01, 0x02, 0x00, 0x20, 0x40, 0x00, 0x00, 0x80, 0x3b, 0x28, 0x00, 0x21, 0x40, 0x00, 0x00, 
0x50, 0x12, 0x01, 0x00, 0x22, 0x40, 0x00, 0x00, 0xc0, 0x37, 0x28, 0x00, 0x16, 0x01, 0x05, 0x00, 
0x15, 0x01, 0x0d, 0x00, 0x17, 0x01, 0x2f, 0x00, 0x0d, 0x01, 0x0a, 0x00, 0x2d, 0x01, 0x0e, 0x00, 
0x02, 0x00, 0x00, 0x00, 0x30, 0x40, 0x00, 0x00, 0xb0, 0x06, 0x01, 0x00, 0x10, 0x00, 0x00, 0x00, 
0x24, 0x40, 0x2d, 0x00, 0x00, 0x00, 0x00, 0x40, 0x00, 0x40, 0x00, 0x00, 0x40, 0xba, 0x02, 0x00, 
0x09, 0x01, 0x23, 0x00, 0x10, 0x40, 0x00, 0x00, 0x40, 0xe0, 0x03, 0x00, 0x14, 0x01, 0x41, 0x01, 
0x25, 0x01, 0x10, 0x00, 0x16, 0x01, 0x0f, 0x00, 0x15, 0x01, 0x13, 0x00, 0x17, 0x01, 0x3f, 0x00, 
0x0d, 0x01, 0x2e, 0x00, 0x2d, 0x01, 0x2e, 0x00, 0x89, 0x01, 0x00, 0x00, 0x85, 0x01, 0x01, 0x00, 
0x80, 0x01, 0x80, 0x00, 0x11, 0x00, 0x00, 0x00, 0x06, 0x00, 0x01, 0x00, 0x24, 0x40, 0x25, 0x00, 
0x80, 0x94, 0xda, 0x56, 0x18, 0x01, 0x84, 0xff, 0x25, 0x01, 0x00, 0x00, 0x15, 0x01, 0x0f, 0x00, 
0x17, 0x01, 0x1f, 0x00, 0x80, 0x40, 0x00, 0x00, 0x40, 0xe0, 0x03, 0x00, 0x89, 0x01, 0x80, 0xff, 
0x85, 0x01, 0x41, 0x00, 0x80, 0x01, 0x00, 0x00, 0x06, 0x00, 0x00, 0x00, 0x00, 0x40, 0x00, 0x00, 
0x40, 0xe0, 0x03, 0x00, 0x09, 0x01, 0x84, 0xff, 0x10, 0x40, 0x00, 0x00, 0x40, 0x06, 0x05, 0x00, 
0x18, 0x01, 0x18, 0x00, 0x14, 0x01, 0x41, 0x00, 0x20, 0x40, 0x00, 0x00, 0x90, 0x51, 0x29, 0x00, 
0x21, 0x40, 0x00, 0x00, 0x20, 0xf9, 0x00, 0x00, 0x22, 0x40, 0x00, 0x00, 0xd0, 0x4d, 0x29, 0x00, 
0x16, 0x01, 0x05, 0x00, 0x15, 0x01, 0x0d, 0x00, 0x17, 0x01, 0x2f, 0x00, 0x0d, 0x01, 0x0a, 0x00, 
0x2d, 0x01, 0x0e, 0x00, 0x02, 0x00, 0x00, 0x00, 0x30, 0x40, 0x00, 0x00, 0x80, 0x0b, 0x01, 0x00, 
0x10, 0x00, 0x00, 0x00, 0x24, 0x40, 0x2d, 0x00, 0x00, 0x00, 0x00, 0x40, 0x00, 0x40, 0x00, 0x00, 
0x40, 0x06, 0x05, 0x00, 0x09, 0x01, 0x18, 0x00, 0x10, 0x40, 0x00, 0x00, 0x90, 0xbe, 0x03, 0x00, 
0x14, 0x01, 0x41, 0x01, 0x25, 0x01, 0x10, 0x00, 0x16, 0x01, 0x0f, 0x00, 0x15, 0x01, 0x13, 0x00, 
0x17, 0x01, 0x3f, 0x00, 0x0d, 0x01, 0x2e, 0x00, 0x2d, 0x01, 0x2e, 0x00, 0x89, 0x01, 0x00, 0x00, 
0x85, 0x01, 0x01, 0x00, 0x80, 0x01, 0x80, 0x00, 0x11, 0x00, 0x00, 0x00, 0x06, 0x00, 0x01, 0x00, 
0x24, 0x40, 0x25, 0x00, 0x80, 0xab, 0x30, 0x4e, 0x18, 0x01, 0x84, 0xff, 0x25, 0x01, 0x00, 0x00, 
0x15, 0x01, 0x0f, 0x00, 0x17, 0x01, 0x1f, 0x00, 0x80, 0x40, 0x00, 0x00, 0x90, 0xbe, 0x03, 0x00, 
0x89, 0x01, 0x80, 0xff, 0x85, 0x01, 0x41, 0x00, 0x80, 0x01, 0x00, 0x00, 0x06, 0x00, 0x00, 0x00, 
0x00, 0x40, 0x00, 0x00, 0x90, 0xbe, 0x03, 0x00, 0x09, 0x01, 0x84, 0xff, 0x00, 0x01, 0x00, 0x00, 
0x01, 0x01, 0x00, 0x00, 0x03, 0x01, 0x00, 0x00, 0x02, 0x01, 0x00, 0x00, 0x10, 0x40, 0x00, 0x00, 
0x90, 0xe4, 0x04, 0x00, 0x13, 0x01, 0x03, 0x00, 0x15, 0x40, 0x00, 0x00, 0xc0, 0x01, 0x00, 0x00, 
0x18, 0x01, 0xda, 0xff, 0x14, 0x01, 0x41, 0x00, 0x21, 0x01, 0x00, 0x00, 0x20, 0x01, 0x00, 0x00, 
0x20, 0x40, 0x00, 0x00, 0xe0, 0x4a, 0x2a, 0x00, 0x21, 0x40, 0x00, 0x00, 0xb0, 0x01, 0x00, 0x00, 
0x22, 0x40, 0x00, 0x00, 0xb0, 0x4a, 0x2a, 0x00, 0x23, 0x40, 0x00, 0x00, 0x30, 0x00, 0x00, 0x00, 
0x16, 0x01, 0x07, 0x00, 0x15, 0x01, 0x1b, 0x00, 0x17, 0x01, 0x07, 0x00, 0x0d, 0x01, 0x12, 0x00, 
0x2d, 0x01, 0x1e, 0x00, 0x02, 0x00, 0x00, 0x00, 0x00, 0x40, 0x00, 0x00, 0x90, 0xe4, 0x04, 0x00, 
0x04, 0x01, 0x03, 0x00, 0x05, 0x40, 0x00, 0x00, 0xc0, 0x01, 0x00, 0x00, 0x09, 0x01, 0xda, 0xff, 
0x10, 0x40, 0x00, 0x00, 0x40, 0xba, 0x02, 0x00, 0x16, 0x40, 0x00, 0x00, 0x01, 0x00, 0x00, 0x00, 
0x15, 0x40, 0x00, 0x00, 0x4c, 0x09, 0x00, 0x00, 0x14, 0x40, 0x00, 0x00, 0x55, 0x00, 0x00, 0x00, 
0x14, 0x01, 0x01, 0x81, 0x15, 0x01, 0x13, 0x00, 0x17, 0x01, 0x0f, 0x00, 0x0d, 0x01, 0x0a, 0x00, 
0x2d, 0x01, 0x0e, 0x00, 0x24, 0x40, 0x1f, 0x00, 0x01, 0x00, 0x00, 0x80, 0x05, 0x00, 0x01, 0x00, 
0x30, 0x40, 0x00, 0x00, 0xc0, 0x0c, 0x01, 0x00, 0x10, 0x00, 0x00, 0x00, 0x00, 0x40, 0x00, 0x00, 
0x90, 0xbe, 0x03, 0x00, 0x04, 0x01, 0x5f, 0x00, 0x05, 0x40, 0x00, 0x00, 0x80, 0x0a, 0x00, 0x00, 
0x09, 0x01, 0x84, 0xff, 0x10, 0x40, 0x00, 0x00, 0x90, 0xe4, 0x04, 0x00, 0x13, 0x01, 0x00, 0x00, 
0x16, 0x40, 0x00, 0x00, 0xc0, 0x01, 0x00, 0x00, 0x15, 0x40, 0x00, 0x00, 0xc0, 0x01, 0x00, 0x00, 
0x14, 0x40, 0x00, 0x00, 0x10, 0x00, 0x00, 0x00, 0x18, 0x01, 0x5c, 0x00, 0x14, 0x01, 0x41, 0x00, 
0x20, 0x40, 0x00, 0x00, 0xa0, 0x4c, 0x2a, 0x00, 0x21, 0x40, 0x00, 0x00, 0xc0, 0x00, 0x00, 0x00, 
0x22, 0x40, 0x00, 0x00, 0x90, 0x4c, 0x2a, 0x00, 0x23, 0x40, 0x00, 0x00, 0x10, 0x00, 0x00, 0x00, 
0x25, 0x01, 0x10, 0x00, 0x15, 0x01, 0x1b, 0x00, 0x17, 0x01, 0x07, 0x00, 0x0d, 0x01, 0x12, 0x00, 
0x2d, 0x01, 0x1e, 0x00, 0x11, 0x00, 0x00, 0x00, 0x02, 0x00, 0x00, 0x00, 0x00, 0x40, 0x00, 0x00, 
0x90, 0xe4, 0x04, 0x00, 0x04, 0x01, 0x00, 0x00, 0x05, 0x40, 0x00, 0x00, 0xc0, 0x01, 0x00, 0x00, 
0x09, 0x01, 0x80, 0xff, 0x10, 0x40, 0x00, 0x00, 0x90, 0xbe, 0x03, 0x00, 0x18, 0x01, 0xda, 0xff, 
0x14, 0x01, 0x41, 0x01, 0x25, 0x01, 0x00, 0x00, 0x16, 0x01, 0x03, 0x00, 0x15, 0x01, 0x13, 0x00, 
0x0d, 0x01, 0x0a, 0x00, 0x24, 0x40, 0x21, 0x00, 0xbd, 0x96, 0xc5, 0x44, 0x05, 0x00, 0x01, 0x00, 
0x00, 0x40, 0x00, 0x00, 0x90, 0xbe, 0x03, 0x00, 0x09, 0x01, 0xda, 0xff, 0x10, 0x40, 0x00, 0x00, 
0x44, 0xba, 0x02, 0x00, 0x16, 0x40, 0x00, 0x00, 0x01, 0x00, 0x00, 0x00, 0x15, 0x40, 0x00, 0x00, 
0x4c, 0x09, 0x00, 0x00, 0x14, 0x40, 0x00, 0x00, 0x55, 0x00, 0x00, 0x00, 0x14, 0x01, 0x01, 0x81, 
0x16, 0x01, 0x01, 0x00, 0x17, 0x01, 0x0f, 0x00, 0x24, 0x40, 0x1f, 0x00, 0x01, 0x00, 0x00, 0x80, 
0x05, 0x00, 0x01, 0x00, 0x00, 0x40, 0x00, 0x00, 0x40, 0x94, 0x01, 0x00, 0x04, 0x01, 0x5f, 0x00, 
0x05, 0x40, 0x00, 0x00, 0x80, 0x0a, 0x00, 0x00, 0x09, 0x01, 0x88, 0xff, 0x00, 0x01, 0x01, 0x00, 
0x01, 0x01, 0x01, 0x00, 0x03, 0x01, 0x01, 0x00, 0x02, 0x01, 0x01, 0x00, 0x10, 0x40, 0x00, 0x00, 
0x90, 0xbe, 0x03, 0x00, 0x13, 0x01, 0x5f, 0x00, 0x16, 0x40, 0x00, 0x00, 0xc0, 0x01, 0x00, 0x00, 
0x15, 0x40, 0x00, 0x00, 0x80, 0x0a, 0x00, 0x00, 0x14, 0x40, 0x00, 0x00, 0x10, 0x00, 0x00, 0x00, 
0x18, 0x01, 0x11, 0x00, 0x14, 0x01, 0x41, 0x00, 0x21, 0x01, 0x02, 0x00, 0x20, 0x01, 0x02, 0x00, 
0x20, 0x40, 0x00, 0x00, 0x20, 0x51, 0x2a, 0x00, 0x21, 0x40, 0x00, 0x00, 0xb0, 0x17, 0x01, 0x00, 
0x22, 0x40, 0x00, 0x00, 0x60, 0x4d, 0x2a, 0x00, 0x23, 0x40, 0x00, 0x00, 0xc0, 0x03, 0x00, 0x00, 
0x16, 0x01, 0x05, 0x00, 0x15, 0x01, 0x0d, 0x00, 0x17, 0x01, 0x2f, 0x00, 0x2d, 0x01, 0x0e, 0x00, 
0x02, 0x00, 0x00, 0x00, 0x30, 0x40, 0x00, 0x00, 0x90, 0x11, 0x01, 0x00, 0x10, 0x00, 0x00, 0x00, 
0x24, 0x40, 0x2d, 0x00, 0x00, 0x00, 0x00, 0x40, 0x00, 0x40, 0x00, 0x00, 0x90, 0xbe, 0x03, 0x00, 
0x09, 0x01, 0x11, 0x00, 0x10, 0x40, 0x00, 0x00, 0x40, 0x94, 0x01, 0x00, 0x14, 0x01, 0x41, 0x01, 
0x25, 0x01, 0x10, 0x00, 0x16, 0x01, 0x0f, 0x00, 0x15, 0x01, 0x13, 0x00, 0x17, 0x01, 0x3f, 0x00, 
0x0d, 0x01, 0x2e, 0x00, 0x2d, 0x01, 0x2e, 0x00, 0x89, 0x01, 0x00, 0x00, 0x85, 0x01, 0x01, 0x00, 
0x80, 0x01, 0x80, 0x00, 0x11, 0x00, 0x00, 0x00, 0x06, 0x00, 0x01, 0x00, 0x24, 0x40, 0x25, 0x00, 
0x00, 0x90, 0x11, 0x49, 0x18, 0x01, 0x85, 0xff, 0x25, 0x01, 0x00, 0x00, 0x15, 0x01, 0x0f, 0x00, 
0x17, 0x01, 0x1f, 0x00, 0x80, 0x40, 0x00, 0x00, 0x40, 0x94, 0x01, 0x00, 0x89, 0x01, 0x80, 0xff, 
0x85, 0x01, 0x41, 0x00, 0x80, 0x01, 0x00, 0x00, 0x06, 0x00, 0x00, 0x00, 0x00, 0x40, 0x00, 0x00, 
0x40, 0x94, 0x01, 0x00, 0x09, 0x01, 0x85, 0xff, 0x10, 0x40, 0x00, 0x00, 0x90, 0xbe, 0x03, 0x00, 
0x18, 0x01, 0xe7, 0xff, 0x14, 0x01, 0x41, 0x00, 0x20, 0x40, 0x00, 0x00, 0x90, 0x6c, 0x2b, 0x00, 
0x21, 0x40, 0x00, 0x00, 0x90, 0x20, 0x01, 0x00, 0x22, 0x40, 0x00, 0x00, 0xd0, 0x68, 0x2b, 0x00, 
0x16, 0x01, 0x05, 0x00, 0x15, 0x01, 0x0d, 0x00, 0x17, 0x01, 0x2f, 0x00, 0x0d, 0x01, 0x0a, 0x00, 
0x2d, 0x01, 0x0e, 0x00, 0x02, 0x00, 0x00, 0x00, 0x30, 0x40, 0x00, 0x00, 0x60, 0x16, 0x01, 0x00, 
0x10, 0x00, 0x00, 0x00, 0x24, 0x40, 0x2d, 0x00, 0x00, 0x00, 0x00, 0x40, 0x00, 0x40, 0x00, 0x00, 
0x90, 0xbe, 0x03, 0x00, 0x09, 0x01, 0xe7, 0xff, 0x10, 0x40, 0x00, 0x00, 0x40, 0x94, 0x01, 0x00, 
0x14, 0x01, 0x41, 0x01, 0x25, 0x01, 0x10, 0x00, 0x16, 0x01, 0x0f, 0x00, 0x15, 0x01, 0x13, 0x00, 
0x17, 0x01, 0x3f, 0x00, 0x0d, 0x01, 0x2e, 0x00, 0x2d, 0x01, 0x2e, 0x00, 0x89, 0x01, 0x00, 0x00, 
0x85, 0x01, 0x01, 0x00, 0x80, 0x01, 0x80, 0x00, 0x11, 0x00, 0x00, 0x00, 0x06, 0x00, 0x01, 0x00, 
0x24, 0x40, 0x26, 0x00, 0x00, 0x10, 0xad, 0x6a, 0x18, 0x01, 0x82, 0xff, 0x25, 0x01, 0x00, 0x00, 
0x15, 0x01, 0x0f, 0x00, 0x17, 0x01, 0x1f, 0x00, 0x89, 0x01, 0x80, 0xff, 0x85, 0x01, 0x41, 0x00, 
0x80, 0x01, 0x00, 0x00, 0x06, 0x00, 0x00, 0x00, 0x30, 0x40, 0x00, 0x00, 0x80, 0x1a, 0x01, 0x00, 
0x12, 0x00, 0x01, 0x00, 0x10, 0x00, 0x00, 0x00, 0x00, 0x40, 0x00, 0x00, 0x40, 0x94, 0x01, 0x00, 
0x09, 0x01, 0x82, 0xff, 0x00, 0x01, 0x00, 0x00, 0x01, 0x01, 0x00, 0x00, 0x03, 0x01, 0x00, 0x00, 
0x02, 0x01, 0x00, 0x00, 0x10, 0x40, 0x00, 0x00, 0x90, 0xbe, 0x03, 0x00, 0x13, 0x01, 0x4f, 0x00, 
0x15, 0x40, 0x00, 0x00, 0xc0, 0x08, 0x00, 0x00, 0x18, 0x01, 0x69, 0x00, 0x14, 0x01, 0x41, 0x00, 
0x21, 0x01, 0x00, 0x00, 0x20, 0x01, 0x00, 0x00, 0x20, 0x40, 0x00, 0x00, 0x40, 0x90, 0x2c, 0x00, 
0x21, 0x40, 0x00, 0x00, 0xe0, 0x1d, 0x00, 0x00, 0x22, 0x40, 0x00, 0x00, 0x20, 0x8d, 0x2c, 0x00, 
0x23, 0x40, 0x00, 0x00, 0x20, 0x03, 0x00, 0x00, 0x25, 0x01, 0x10, 0x00, 0x16, 0x01, 0x05, 0x00, 
0x15, 0x01, 0x0d, 0x00, 0x17, 0x01, 0x2f, 0x00, 0x0d, 0x01, 0x0a, 0x00, 0x2d, 0x01, 0x0e, 0x00, 
0x11, 0x00, 0x00, 0x00, 0x02, 0x00, 0x00, 0x00, 0x00, 0x40, 0x00, 0x00, 0x90, 0xbe, 0x03, 0x00, 
0x04, 0x01, 0x4f, 0x00, 0x05, 0x40, 0x00, 0x00, 0xc0, 0x08, 0x00, 0x00, 0x09, 0x01, 0x80, 0xff, 
0x10, 0x40, 0x00, 0x00, 0x40, 0x94, 0x01, 0x00, 0x18, 0x01, 0xda, 0xff, 0x14, 0x01, 0x41, 0x01, 
0x25, 0x01, 0x00, 0x00, 0x16, 0x01, 0x01, 0x00, 0x15, 0x01, 0x09, 0x00, 0x17, 0x01, 0x0f, 0x00, 
0x2d, 0x01, 0x1e, 0x00, 0x24, 0x40, 0x21, 0x00, 0xbd, 0x96, 0xc5, 0x44, 0x05, 0x00, 0x01, 0x00, 
0x00, 0x40, 0x00, 0x00, 0x40, 0x94, 0x01, 0x00, 0x09, 0x01, 0xda, 0xff, 0x10, 0x40, 0x00, 0x00, 
0x45, 0xba, 0x02, 0x00, 0x16, 0x40, 0x00, 0x00, 0x01, 0x00, 0x00, 0x00, 0x15, 0x40, 0x00, 0x00, 
0x4c, 0x09, 0x00, 0x00, 0x14, 0x40, 0x00, 0x00, 0x55, 0x00, 0x00, 0x00, 0x14, 0x01, 0x01, 0x81, 
0x24, 0x40, 0x1f, 0x00, 0x01, 0x00, 0x00, 0x80, 0x05, 0x00, 0x01, 0x00, 0x00, 0x40, 0x00, 0x00, 
0x40, 0xba, 0x02, 0x00, 0x0b, 0x01, 0x0f, 0x03, 0x0c, 0x01, 0x0f, 0x03, 0x0a, 0x01, 0x54, 0x00, 
0x04, 0x01, 0x00, 0x00, 0x06, 0x40, 0x00, 0x00, 0x01, 0x00, 0x00, 0x00, 0x05, 0x40, 0x00, 0x00, 
0x55, 0x00, 0x00, 0x00, 0x04, 0x40, 0x00, 0x00, 0x01, 0x00, 0x00, 0x00, 0x09, 0x01, 0x00, 0x00, 
0x05, 0x01, 0x01, 0x00, 0x10, 0x40, 0x00, 0x00, 0x90, 0xbe, 0x03, 0x00, 0x1b, 0x01, 0x0f, 0x03, 
0x1c, 0x01, 0x0f, 0x03, 0x1a, 0x01, 0x54, 0x00, 0x12, 0x01, 0x0f, 0x03, 0x11, 0x01, 0x54, 0x00, 
0x13, 0x01, 0x00, 0x00, 0x15, 0x40, 0x00, 0x00, 0x01, 0x00, 0x00, 0x00, 0x14, 0x40, 0x00, 0x00, 
0x10, 0x03, 0x00, 0x00, 0x18, 0x01, 0x00, 0x00, 0x14, 0x01, 0x01, 0x01, 0x16, 0x01, 0x05, 0x00, 
0x15, 0x01, 0x05, 0x00, 0x17, 0x01, 0x07, 0x00, 0x05, 0x00, 0x01, 0x00, 0x00, 0x40, 0x00, 0x00, 
0x90, 0xbe, 0x03, 0x00, 0x0b, 0x01, 0x00, 0x00, 0x0c, 0x01, 0x00, 0x00, 0x04, 0x01, 0x0f, 0x03, 
0x05, 0x40, 0x00, 0x00, 0x50, 0x04, 0x01, 0x00, 0x04, 0x40, 0x00, 0x00, 0x10, 0x03, 0x00, 0x00, 
0x09, 0x01, 0xda, 0xff, 0x10, 0x40, 0x00, 0x00, 0x40, 0x94, 0x01, 0x00, 0x1b, 0x01, 0x00, 0x00, 
0x1c, 0x01, 0x00, 0x00, 0x12, 0x01, 0x00, 0x00, 0x13, 0x01, 0x0f, 0x03, 0x15, 0x40, 0x00, 0x00, 
0xa9, 0x55, 0x01, 0x00, 0x14, 0x40, 0x00, 0x00, 0x05, 0x04, 0x00, 0x00, 0x18, 0x01, 0xda, 0xff, 
0x14, 0x01, 0x01, 0x81, 0x16, 0x01, 0x01, 0x00, 0x15, 0x01, 0x03, 0x00, 0x17, 0x01, 0x7f, 0x00, 
0x05, 0x00, 0x01, 0x00, 0x00, 0x40, 0x00, 0x00, 0x40, 0x6e, 0x00, 0x00, 0x0b, 0x01, 0x1b, 0x00, 
0x0c, 0x01, 0x1b, 0x00, 0x0a, 0x01, 0x1b, 0x00, 0x04, 0x01, 0x5f, 0x00, 0x06, 0x40, 0x00, 0x00, 
0xc0, 0x01, 0x00, 0x00, 0x05, 0x40, 0x00, 0x00, 0x80, 0x0a, 0x00, 0x00, 0x04, 0x40, 0x00, 0x00, 
0x10, 0x00, 0x00, 0x00, 0x09, 0x01, 0x8a, 0xff, 0x05, 0x01, 0x41, 0x00, 0x00, 0x01, 0x01, 0x00, 
0x01, 0x01, 0x01, 0x00, 0x10, 0x40, 0x00, 0x00, 0xf0, 0xe9, 0x02, 0x00, 0x1b, 0x01, 0x0d, 0x00, 
0x1c, 0x01, 0x0d, 0x00, 0x1a, 0x01, 0x0d, 0x00, 0x12, 0x01, 0x0d, 0x00, 0x11, 0x01, 0x0d, 0x00, 
0x13, 0x01, 0x5f, 0x00, 0x16, 0x40, 0x00, 0x00, 0xe0, 0x00, 0x00, 0x00, 0x15, 0x40, 0x00, 0x00, 
0x40, 0x05, 0x00, 0x00, 0x14, 0x40, 0x00, 0x00, 0x10, 0x00, 0x00, 0x00, 0x18, 0x01, 0x02, 0x00, 
0x14, 0x01, 0x41, 0x00, 0x21, 0x01, 0x02, 0x00, 0x20, 0x01, 0x02, 0x00, 0x22, 0x01, 0x03, 0x00, 
0x20, 0x40, 0x00, 0x00, 0xe0, 0xb1, 0x2c, 0x00, 0x21, 0x40, 0x00, 0x00, 0x00, 0x21, 0x01, 0x00, 
0x22, 0x40, 0x00, 0x00, 0x20, 0xae, 0x2c, 0x00, 0x23, 0x40, 0x00, 0x00, 0xc0, 0x03, 0x00, 0x00, 
0x16, 0x01, 0x07, 0x00, 0x15, 0x01, 0x07, 0x00, 0x17, 0x01, 0x1f, 0x00, 0x0d, 0x01, 0x1a, 0x00, 
0x02, 0x00, 0x00, 0x00, 0x30, 0x40, 0x00, 0x00, 0x60, 0x1f, 0x01, 0x00, 0x10, 0x00, 0x00, 0x00, 
0x24, 0x40, 0x2d, 0x00, 0x00, 0x00, 0x00, 0x40, 0x00, 0x40, 0x00, 0x00, 0xf0, 0xe9, 0x02, 0x00, 
0x0b, 0x01, 0x0d, 0x00, 0x0c, 0x01, 0x0d, 0x00, 0x0a, 0x01, 0x0d, 0x00, 0x06, 0x40, 0x00, 0x00, 
0xe0, 0x00, 0x00, 0x00, 0x05, 0x40, 0x00, 0x00, 0x40, 0x05, 0x00, 0x00, 0x09, 0x01, 0x02, 0x00, 
0x10, 0x40, 0x00, 0x00, 0x40, 0x01, 0x01, 0x00, 0x14, 0x01, 0x41, 0x01, 0x25, 0x01, 0x10, 0x00, 
0x16, 0x01, 0x0d, 0x00, 0x15, 0x01, 0x0d, 0x00, 0x17, 0x01, 0x5f, 0x00, 0x0d, 0x01, 0x2e, 0x00, 
0x2d, 0x01, 0x2e, 0x00, 0x89, 0x01, 0x00, 0x00, 0x85, 0x01, 0x01, 0x00, 0x80, 0x01, 0x80, 0x00, 
0x2f, 0x01, 0x00, 0x00, 0x11, 0x00, 0x00, 0x00, 0x06, 0x00, 0x01, 0x00, 0x24, 0x40, 0x26, 0x00, 
0x00, 0xae, 0xab, 0x7e, 0x18, 0x01, 0x88, 0xff, 0x25, 0x01, 0x00, 0x00, 0x16, 0x01, 0x0b, 0x00, 
0x17, 0x01, 0x2f, 0x00, 0x80, 0x40, 0x00, 0x00, 0x40, 0x01, 0x01, 0x00, 0x8b, 0x01, 0x0d, 0x00, 
0x8c, 0x01, 0x0d, 0x00, 0x8a, 0x01, 0x0d, 0x00, 0x86, 0x40, 0x00, 0x00, 0xe0, 0x00, 0x00, 0x00, 
0x85, 0x40, 0x00, 0x00, 0x40, 0x05, 0x00, 0x00, 0x89, 0x01, 0x80, 0xff, 0x85, 0x01, 0x41, 0x00, 
0x80, 0x01, 0x00, 0x00, 0x06, 0x00, 0x00, 0x00, 0x00, 0x40, 0x00, 0x00, 0x40, 0x01, 0x01, 0x00, 
0x09, 0x01, 0x88, 0xff, 0x00, 0x01, 0x00, 0x00, 0x01, 0x01, 0x00, 0x00, 0x10, 0x40, 0x00, 0x00, 
0x40, 0x6e, 0x00, 0x00, 0x15, 0x40, 0x00, 0x00, 0x80, 0x0a, 0x00, 0x00, 0x14, 0x01, 0x41, 0x81, 
0x21, 0x01, 0x00, 0x00, 0x20, 0x01, 0x00, 0x00, 0x22, 0x01, 0x00, 0x00, 0x16, 0x01, 0x01, 0x00, 
0x15, 0x01, 0x09, 0x00, 0x17, 0x01, 0x0f, 0x00, 0x0d, 0x01, 0x0a, 0x00, 0x2d, 0x01, 0x1e, 0x00, 
0x24, 0x40, 0x1f, 0x00, 0x01, 0x00, 0x00, 0x80, 0x2f, 0x01, 0x02, 0x00, 0x05, 0x00, 0x01, 0x00, 
0x00, 0x40, 0x00, 0x00, 0xc0, 0x24, 0x00, 0x00, 0x10, 0x40, 0x00, 0x00, 0x80, 0x73, 0x00, 0x00, 
0x2f, 0x01, 0x03, 0x00, 0x05, 0x00, 0x01, 0x00, 0x00, 0x40, 0x00, 0x00, 0x40, 0x6e, 0x00, 0x00, 
0x04, 0x01, 0xbf, 0x00, 0x05, 0x40, 0x00, 0x00, 0x80, 0x0a, 0x00, 0x00, 0x10, 0x40, 0x00, 0x00, 
0xc0, 0x24, 0x00, 0x00, 0x15, 0x40, 0x00, 0x00, 0x40, 0x05, 0x00, 0x00, 0x18, 0x01, 0x00, 0x00, 
0x14, 0x01, 0x41, 0x00, 0x20, 0x40, 0x00, 0x00, 0xa0, 0xd6, 0x2d, 0x00, 0x21, 0x40, 0x00, 0x00, 
0x20, 0x43, 0x00, 0x00, 0x22, 0x40, 0x00, 0x00, 0xe0, 0xd2, 0x2d, 0x00, 0x16, 0x01, 0x05, 0x00, 
0x15, 0x01, 0x0d, 0x00, 0x17, 0x01, 0x2f, 0x00, 0x2d, 0x01, 0x0e, 0x00, 0x02, 0x00, 0x00, 0x00, 
0x30, 0x40, 0x00, 0x00, 0x30, 0x24, 0x01, 0x00, 0x10, 0x00, 0x00, 0x00, 0x24, 0x40, 0x2d, 0x00, 
0x00, 0x00, 0x00, 0x40, 0x00, 0x40, 0x00, 0x00, 0xc0, 0x24, 0x00, 0x00, 0x04, 0x01, 0x5f, 0x00, 
0x05, 0x40, 0x00, 0x00, 0x40, 0x05, 0x00, 0x00, 0x09, 0x01, 0x00, 0x00, 0x10, 0x40, 0x00, 0x00, 
0x40, 0x01, 0x01, 0x00, 0x14, 0x01, 0x41, 0x01, 0x25, 0x01, 0x10, 0x00, 0x16, 0x01, 0x0d, 0x00, 
0x17, 0x01, 0x5f, 0x00, 0x0d, 0x01, 0x2e, 0x00, 0x2d, 0x01, 0x2e, 0x00, 0x89, 0x01, 0x00, 0x00, 
0x85, 0x01, 0x01, 0x00, 0x80, 0x01, 0x80, 0x00, 0x2f, 0x01, 0x00, 0x00, 0x11, 0x00, 0x00, 0x00, 
0x06, 0x00, 0x01, 0x00, 0x24, 0x40, 0x26, 0x00, 0x80, 0x27, 0x16, 0x7e, 0x18, 0x01, 0x85, 0xff, 
0x25, 0x01, 0x00, 0x00, 0x16, 0x01, 0x0b, 0x00, 0x17, 0x01, 0x2f, 0x00, 0x89, 0x01, 0x80, 0xff, 
0x85, 0x01, 0x41, 0x00, 0x80, 0x01, 0x00, 0x00, 0x06, 0x00, 0x00, 0x00, 0x00, 0x40, 0x00, 0x00, 
0x40, 0x01, 0x01, 0x00, 0x09, 0x01, 0x85, 0xff, 0x10, 0x40, 0x00, 0x00, 0xc0, 0x24, 0x00, 0x00, 
0x18, 0x01, 0xd6, 0xff, 0x14, 0x01, 0x41, 0x00, 0x20, 0x40, 0x00, 0x00, 0x80, 0x1d, 0x2e, 0x00, 
0x21, 0x40, 0x00, 0x00, 0xe0, 0x20, 0x00, 0x00, 0x22, 0x40, 0x00, 0x00, 0xc0, 0x19, 0x2e, 0x00, 
0x16, 0x01, 0x05, 0x00, 0x0d, 0x01, 0x0a, 0x00, 0x2d, 0x01, 0x0e, 0x00, 0x2f, 0x01, 0x03, 0x00, 
0x02, 0x00, 0x00, 0x00, 0x30, 0x40, 0x00, 0x00, 0x00, 0x29, 0x01, 0x00, 0x10, 0x00, 0x00, 0x00, 
0x24, 0x40, 0x2d, 0x00, 0x00, 0x00, 0x00, 0x40, 0x00, 0x40, 0x00, 0x00, 0xc0, 0x24, 0x00, 0x00, 
0x09, 0x01, 0xd6, 0xff, 0x10, 0x40, 0x00, 0x00, 0x40, 0x01, 0x01, 0x00, 0x14, 0x01, 0x41, 0x01, 
0x25, 0x01, 0x10, 0x00, 0x16, 0x01, 0x0d, 0x00, 0x17, 0x01, 0x5f, 0x00, 0x0d, 0x01, 0x2e, 0x00, 
0x2d, 0x01, 0x2e, 0x00, 0x89, 0x01, 0x00, 0x00, 0x85, 0x01, 0x01, 0x00, 0x80, 0x01, 0x80, 0x00, 
0x2f, 0x01, 0x00, 0x00, 0x11, 0x00, 0x00, 0x00, 0x06, 0x00, 0x01, 0x00, 0x24, 0x40, 0x26, 0x00, 
0x00, 0xcf, 0x78, 0x5f, 0x18, 0x01, 0x84, 0xff, 0x25, 0x01, 0x00, 0x00, 0x16, 0x01, 0x0b, 0x00, 
0x17, 0x01, 0x2f, 0x00, 0x89, 0x01, 0x80, 0xff, 0x85, 0x01, 0x41, 0x00, 0x80, 0x01, 0x00, 0x00, 
0x06, 0x00, 0x00, 0x00, 0x00, 0x40, 0x00, 0x00, 0x40, 0x01, 0x01, 0x00, 0x09, 0x01, 0x84, 0xff, 
0x00, 0x01, 0x01, 0x00, 0x01, 0x01, 0x01, 0x00, 0x03, 0x01, 0x01, 0x00, 0x02, 0x01, 0x01, 0x00, 
0x10, 0x40, 0x00, 0x00, 0xc0, 0x4a, 0x01, 0x00, 0x18, 0x01, 0x00, 0x00, 0x14, 0x01, 0x41, 0x00, 
0x21, 0x01, 0x02, 0x00, 0x20, 0x01, 0x02, 0x00, 0x20, 0x40, 0x00, 0x00, 0x20, 0x42, 0x2e, 0x00, 
0x21, 0x40, 0x00, 0x00, 0x90, 0x19, 0x01, 0x00, 0x22, 0x40, 0x00, 0x00, 0x60, 0x3e, 0x2e, 0x00, 
0x16, 0x01, 0x05, 0x00, 0x0d, 0x01, 0x0a, 0x00, 0x2d, 0x01, 0x0e, 0x00, 0x2f, 0x01, 0x03, 0x00, 
0x02, 0x00, 0x00, 0x00, 0x30, 0x40, 0x00, 0x00, 0xd0, 0x2d, 0x01, 0x00, 0x10, 0x00, 0x00, 0x00, 
0x24, 0x40, 0x2d, 0x00, 0x00, 0x00, 0x00, 0x40, 0x00, 0x40, 0x00, 0x00, 0xc0, 0x4a, 0x01, 0x00, 
0x09, 0x01, 0x00, 0x00, 0x10, 0x40, 0x00, 0x00, 0xc0, 0x24, 0x00, 0x00, 0x14, 0x01, 0x41, 0x01, 
0x25, 0x01, 0x10, 0x00, 0x16, 0x01, 0x0d, 0x00, 0x17, 0x01, 0x5f, 0x00, 0x0d, 0x01, 0x2e, 0x00, 
0x2d, 0x01, 0x2e, 0x00, 0x89, 0x01, 0x00, 0x00, 0x85, 0x01, 0x01, 0x00, 0x80, 0x01, 0x80, 0x00, 
0x2f, 0x01, 0x00, 0x00, 0x11, 0x00, 0x00, 0x00, 0x06, 0x00, 0x01, 0x00, 0x24, 0x40, 0x26, 0x00, 
0x80, 0xbf, 0x76, 0x7d, 0x18, 0x01, 0x85, 0xff, 0x25, 0x01, 0x00, 0x00, 0x16, 0x01, 0x0b, 0x00, 
0x17, 0x01, 0x2f, 0x00, 0x80, 0x40, 0x00, 0x00, 0xc0, 0x24, 0x00, 0x00, 0x89, 0x01, 0x80, 0xff, 
0x85, 0x01, 0x41, 0x00, 0x80, 0x01, 0x00, 0x00, 0x06, 0x00, 0x00, 0x00, 0x00, 0x40, 0x00, 0x00, 
0xc0, 0x24, 0x00, 0x00, 0x09, 0x01, 0x85, 0xff, 0x00, 0x01, 0x00, 0x00, 0x01, 0x01, 0x00, 0x00, 
0x03, 0x01, 0x00, 0x00, 0x02, 0x01, 0x00, 0x00, 0x10, 0x40, 0x00, 0x00, 0x40, 0x01, 0x01, 0x00, 
0x15, 0x40, 0x00, 0x00, 0x80, 0x0a, 0x00, 0x00, 0x14, 0x01, 0x41, 0x81, 0x21, 0x01, 0x00, 0x00, 
0x20, 0x01, 0x00, 0x00, 0x16, 0x01, 0x01, 0x00, 0x15, 0x01, 0x09, 0x00, 0x17, 0x01, 0x0f, 0x00, 
0x0d, 0x01, 0x0a, 0x00, 0x2d, 0x01, 0x1e, 0x00, 0x24, 0x40, 0x1f, 0x00, 0x01, 0x00, 0x00, 0x80, 
0x2f, 0x01, 0x02, 0x00, 0x05, 0x00, 0x01, 0x00, 0x00, 0x40, 0x00, 0x00, 0x40, 0x6e, 0x00, 0x00, 
0x04, 0x01, 0xbf, 0x00, 0x05, 0x40, 0x00, 0x00, 0x80, 0x0a, 0x00, 0x00, 0x09, 0x01, 0x88, 0xff, 
0x10, 0x40, 0x00, 0x00, 0xc0, 0x24, 0x00, 0x00, 0x15, 0x40, 0x00, 0x00, 0x40, 0x05, 0x00, 0x00, 
0x18, 0x01, 0x08, 0x00, 0x14, 0x01, 0x41, 0x00, 0x20, 0x40, 0x00, 0x00, 0x70, 0x5f, 0x2f, 0x00, 
0x21, 0x40, 0x00, 0x00, 0xe0, 0x42, 0x00, 0x00, 0x22, 0x40, 0x00, 0x00, 0xb0, 0x5b, 0x2f, 0x00, 
0x16, 0x01, 0x05, 0x00, 0x15, 0x01, 0x0d, 0x00, 0x17, 0x01, 0x2f, 0x00, 0x2d, 0x01, 0x0e, 0x00, 
0x2f, 0x01, 0x03, 0x00, 0x02, 0x00, 0x00, 0x00, 0x30, 0x40, 0x00, 0x00, 0xa0, 0x32, 0x01, 0x00, 
0x10, 0x00, 0x00, 0x00, 0x24, 0x40, 0x2d, 0x00, 0x00, 0x00, 0x00, 0x40, 0x00, 0x40, 0x00, 0x00, 
0xc0, 0x24, 0x00, 0x00, 0x04, 0x01, 0x5f, 0x00, 0x05, 0x40, 0x00, 0x00, 0x40, 0x05, 0x00, 0x00, 
0x09, 0x01, 0x08, 0x00, 0x10, 0x40, 0x00, 0x00, 0x40, 0x6e, 0x00, 0x00, 0x14, 0x01, 0x41, 0x01, 
0x25, 0x01, 0x10, 0x00, 0x16, 0x01, 0x0d, 0x00, 0x17, 0x01, 0x5f, 0x00, 0x0d, 0x01, 0x2e, 0x00, 
0x2d, 0x01, 0x2e, 0x00, 0x89, 0x01, 0x00, 0x00, 0x85, 0x01, 0x01, 0x00, 0x80, 0x01, 0x80, 0x00, 
0x2f, 0x01, 0x00, 0x00, 0x11, 0x00, 0x00, 0x00, 0x06, 0x00, 0x01, 0x00, 0x24, 0x40, 0x26, 0x00, 
0x00, 0xaa, 0x99, 0x5c, 0x18, 0x01, 0x85, 0xff, 0x25, 0x01, 0x00, 0x00, 0x16, 0x01, 0x0b, 0x00, 
0x17, 0x01, 0x2f, 0x00, 0x80, 0x40, 0x00, 0x00, 0x40, 0x6e, 0x00, 0x00, 0x89, 0x01, 0x80, 0xff, 
0x85, 0x01, 0x41, 0x00, 0x80, 0x01, 0x00, 0x00, 0x06, 0x00, 0x00, 0x00, 0x00, 0x40, 0x00, 0x00, 
0x40, 0x6e, 0x00, 0x00, 0x09, 0x01, 0x85, 0xff, 0x10, 0x40, 0x00, 0x00, 0x80, 0x06, 0x01, 0x00, 
0x15, 0x40, 0x00, 0x00, 0x80, 0x0a, 0x00, 0x00, 0x14, 0x01, 0x41, 0x81, 0x16, 0x01, 0x01, 0x00, 
0x15, 0x01, 0x09, 0x00, 0x17, 0x01, 0x0f, 0x00, 0x0d, 0x01, 0x0a, 0x00, 0x2d, 0x01, 0x1e, 0x00, 
0x24, 0x40, 0x1f, 0x00, 0x01, 0x00, 0x00, 0x80, 0x2f, 0x01, 0x02, 0x00, 0x05, 0x00, 0x01, 0x00, 
0x00, 0x40, 0x00, 0x00, 0x40, 0x01, 0x01, 0x00, 0x04, 0x01, 0xbf, 0x00, 0x05, 0x40, 0x00, 0x00, 
0x80, 0x0a, 0x00, 0x00, 0x10, 0x40, 0x00, 0x00, 0xf0, 0xe9, 0x02, 0x00, 0x13, 0x01, 0xbf, 0x00, 
0x18, 0x01, 0x29, 0x00, 0x14, 0x01, 0x41, 0x00, 0x20, 0x40, 0x00, 0x00, 0xd0, 0xa9, 0x2f, 0x00, 
0x21, 0x40, 0x00, 0x00, 0x20, 0x83, 0x00, 0x00, 0x22, 0x40, 0x00, 0x00, 0x50, 0xa2, 0x2f, 0x00, 
0x23, 0x40, 0x00, 0x00, 0x80, 0x07, 0x00, 0x00, 0x16, 0x01, 0x03, 0x00, 0x15, 0x01, 0x0d, 0x00, 
0x17, 0x01, 0x3f, 0x00, 0x2d, 0x01, 0x0e, 0x00, 0x2f, 0x01, 0x03, 0x00, 0x02, 0x00, 0x00, 0x00, 
0x30, 0x40, 0x00, 0x00, 0x30, 0x3b, 0x01, 0x00, 0x10, 0x00, 0x00, 0x00, 0x24, 0x40, 0x2d, 0x00, 
0x00, 0x00, 0x00, 0x40, 0x00, 0x40, 0x00, 0x00, 0xf0, 0xe9, 0x02, 0x00, 0x09, 0x01, 0x29, 0x00, 
0x10, 0x40, 0x00, 0x00, 0xc0, 0x24, 0x00, 0x00, 0x14, 0x01, 0x41, 0x01, 0x25, 0x01, 0x10, 0x00, 
0x16, 0x01, 0x0d, 0x00, 0x17, 0x01, 0x5f, 0x00, 0x0d, 0x01, 0x2e, 0x00, 0x2d, 0x01, 0x2e, 0x00, 
0x89, 0x01, 0x00, 0x00, 0x85, 0x01, 0x01, 0x00, 0x80, 0x01, 0x80, 0x00, 0x2f, 0x01, 0x00, 0x00, 
0x11, 0x00, 0x00, 0x00, 0x06, 0x00, 0x01, 0x00, 0x24, 0x40, 0x25, 0x00, 0x00, 0x19, 0xd7, 0x5c, 
0x18, 0x01, 0x85, 0xff, 0x25, 0x01, 0x00, 0x00, 0x16, 0x01, 0x07, 0x00, 0x15, 0x01, 0x07, 0x00, 
0x17, 0x01, 0x7f, 0x00, 0x80, 0x40, 0x00, 0x00, 0xc0, 0x24, 0x00, 0x00, 0x85, 0x40, 0x00, 0x00, 
0x80, 0x0a, 0x00, 0x00, 0x89, 0x01, 0x80, 0xff, 0x85, 0x01, 0x41, 0x00, 0x80, 0x01, 0x00, 0x00, 
0x06, 0x00, 0x00, 0x00, 0x00, 0x40, 0x00, 0x00, 0xc0, 0x24, 0x00, 0x00, 0x09, 0x01, 0x85, 0xff, 
0x10, 0x40, 0x00, 0x00, 0x40, 0x01, 0x01, 0x00, 0x13, 0x01, 0x5f, 0x00, 0x15, 0x40, 0x00, 0x00, 
0x40, 0x05, 0x00, 0x00, 0x18, 0x01, 0x17, 0x00, 0x14, 0x01, 0x41, 0x00, 0x20, 0x40, 0x00, 0x00, 
0xb0, 0x30, 0x30, 0x00, 0x21, 0x40, 0x00, 0x00, 0x80, 0x3f, 0x00, 0x00, 0x22, 0x40, 0x00, 0x00, 
0xf0, 0x2c, 0x30, 0x00, 0x23, 0x40, 0x00, 0x00, 0xc0, 0x03, 0x00, 0x00, 0x16, 0x01, 0x05, 0x00, 
0x15, 0x01, 0x0d, 0x00, 0x17, 0x01, 0x2f, 0x00, 0x0d, 0x01, 0x0a, 0x00, 0x2d, 0x01, 0x0e, 0x00, 
0x2f, 0x01, 0x03, 0x00, 0x02, 0x00, 0x00, 0x00, 0x30, 0x40, 0x00, 0x00, 0x00, 0x40, 0x01, 0x00, 
0x10, 0x00, 0x00, 0x00, 0x24, 0x40, 0x2d, 0x00, 0x00, 0x00, 0x00, 0x40, 0x00, 0x40, 0x00, 0x00, 
0x40, 0x01, 0x01, 0x00, 0x04, 0x01, 0x5f, 0x00, 0x05, 0x40, 0x00, 0x00, 0x40, 0x05, 0x00, 0x00, 
0x09, 0x01, 0x17, 0x00, 0x10, 0x40, 0x00, 0x00, 0xc0, 0xb7, 0x00, 0x00, 0x14, 0x01, 0x41, 0x01, 
0x25, 0x01, 0x10, 0x00, 0x16, 0x01, 0x0d, 0x00, 0x17, 0x01, 0x5f, 0x00, 0x0d, 0x01, 0x2e, 0x00, 
0x2d, 0x01, 0x2e, 0x00, 0x89, 0x01, 0x00, 0x00, 0x85, 0x01, 0x01, 0x00, 0x80, 0x01, 0x80, 0x00, 
0x2f, 0x01, 0x00, 0x00, 0x11, 0x00, 0x00, 0x00, 0x06, 0x00, 0x01, 0x00, 0x24, 0x40, 0x25, 0x00, 
0x00, 0x53, 0x17, 0x4c, 0x18, 0x01, 0x87, 0xff, 0x25, 0x01, 0x00, 0x00, 0x16, 0x01, 0x0b, 0x00, 
0x17, 0x01, 0x2f, 0x00, 0x80, 0x40, 0x00, 0x00, 0xc0, 0xb7, 0x00, 0x00, 0x85, 0x40, 0x00, 0x00, 
0x40, 0x05, 0x00, 0x00, 0x89, 0x01, 0x80, 0xff, 0x85, 0x01, 0x41, 0x00, 0x80, 0x01, 0x00, 0x00, 
0x06, 0x00, 0x00, 0x00, 0x00, 0x40, 0x00, 0x00, 0xc0, 0xb7, 0x00, 0x00, 0x09, 0x01, 0x87, 0xff, 
0x00, 0x01, 0x01, 0x00, 0x01, 0x01, 0x01, 0x00, 0x03, 0x01, 0x01, 0x00, 0x02, 0x01, 0x01, 0x00, 
0x10, 0x40, 0x00, 0x00, 0x40, 0x01, 0x01, 0x00, 0x18, 0x01, 0x13, 0x00, 0x14, 0x01, 0x41, 0x00, 
0x21, 0x01, 0x02, 0x00, 0x20, 0x01, 0x02, 0x00, 0x20, 0x40, 0x00, 0x00, 0xf0, 0x73, 0x30, 0x00, 
0x21, 0x40, 0x00, 0x00, 0xd0, 0xfc, 0x00, 0x00, 0x22, 0x40, 0x00, 0x00, 0x30, 0x70, 0x30, 0x00, 
0x16, 0x01, 0x05, 0x00, 0x0d, 0x01, 0x0a, 0x00, 0x2d, 0x01, 0x0e, 0x00, 0x2f, 0x01, 0x03, 0x00, 
0x02, 0x00, 0x00, 0x00, 0x30, 0x40, 0x00, 0x00, 0xd0, 0x44, 0x01, 0x00, 0x10, 0x00, 0x00, 0x00, 
0x24, 0x40, 0x2d, 0x00, 0x00, 0x00, 0x00, 0x40, 0x00, 0x40, 0x00, 0x00, 0x40, 0x01, 0x01, 0x00, 
0x09, 0x01, 0x13, 0x00, 0x10, 0x40, 0x00, 0x00, 0xc0, 0x4a, 0x01, 0x00, 0x14, 0x01, 0x41, 0x01, 
0x25, 0x01, 0x10, 0x00, 0x16, 0x01, 0x0d, 0x00, 0x17, 0x01, 0x5f, 0x00, 0x0d, 0x01, 0x2e, 0x00, 
0x2d, 0x01, 0x2e, 0x00, 0x89, 0x01, 0x00, 0x00, 0x85, 0x01, 0x01, 0x00, 0x80, 0x01, 0x80, 0x00, 
0x2f, 0x01, 0x00, 0x00, 0x11, 0x00, 0x00, 0x00, 0x06, 0x00, 0x01, 0x00, 0x24, 0x40, 0x25, 0x00, 
0x00, 0xbe, 0x24, 0x4a, 0x18, 0x01, 0x85, 0xff, 0x25, 0x01, 0x00, 0x00, 0x16, 0x01, 0x0b, 0x00, 
0x17, 0x01, 0x2f, 0x00, 0x80, 0x40, 0x00, 0x00, 0xc0, 0x4a, 0x01, 0x00, 0x89, 0x01, 0x80, 0xff, 
0x85, 0x01, 0x41, 0x00, 0x80, 0x01, 0x00, 0x00, 0x06, 0x00, 0x00, 0x00, 0x00, 0x40, 0x00, 0x00, 
0xc0, 0x4a, 0x01, 0x00, 0x09, 0x01, 0x85, 0xff, 0x10, 0x40, 0x00, 0x00, 0xf0, 0xe9, 0x02, 0x00, 
0x18, 0x01, 0x19, 0x00, 0x14, 0x01, 0x41, 0x00, 0x20, 0x40, 0x00, 0x00, 0x80, 0x74, 0x31, 0x00, 
0x21, 0x40, 0x00, 0x00, 0xa0, 0xf0, 0x00, 0x00, 0x22, 0x40, 0x00, 0x00, 0xc0, 0x70, 0x31, 0x00, 
0x16, 0x01, 0x05, 0x00, 0x0d, 0x01, 0x0a, 0x00, 0x2d, 0x01, 0x0e, 0x00, 0x2f, 0x01, 0x03, 0x00, 
0x02, 0x00, 0x00, 0x00, 0x30, 0x40, 0x00, 0x00, 0xa0, 0x49, 0x01, 0x00, 0x10, 0x00, 0x00, 0x00, 
0x24, 0x40, 0x2d, 0x00, 0x00, 0x00, 0x00, 0x40, 0x00, 0x40, 0x00, 0x00, 0xf0, 0xe9, 0x02, 0x00, 
0x09, 0x01, 0x19, 0x00, 0x10, 0x40, 0x00, 0x00, 0x60, 0x42, 0x01, 0x00, 0x14, 0x01, 0x41, 0x01, 
0x25, 0x01, 0x10, 0x00, 0x16, 0x01, 0x0d, 0x00, 0x17, 0x01, 0x5f, 0x00, 0x0d, 0x01, 0x2e, 0x00, 
0x2d, 0x01, 0x2e, 0x00, 0x89, 0x01, 0x00, 0x00, 0x85, 0x01, 0x01, 0x00, 0x80, 0x01, 0x80, 0x00, 
0x2f, 0x01, 0x00, 0x00, 0x11, 0x00, 0x00, 0x00, 0x06, 0x00, 0x01, 0x00, 0x24, 0x40, 0x25, 0x00, 
0x00, 0x9d, 0x0a, 0x4e, 0x18, 0x01, 0x85, 0xff, 0x25, 0x01, 0x00, 0x00, 0x16, 0x01, 0x0b, 0x00, 
0x17, 0x01, 0x2f, 0x00, 0x80, 0x40, 0x00, 0x00, 0x60, 0x42, 0x01, 0x00, 0x89, 0x01, 0x80, 0xff, 
0x85, 0x01, 0x41, 0x00, 0x80, 0x01, 0x00, 0x00, 0x06, 0x00, 0x00, 0x00, 0x00, 0x40, 0x00, 0x00, 
0x60, 0x42, 0x01, 0x00, 0x09, 0x01, 0x85, 0xff, 0x00, 0x01, 0x00, 0x00, 0x01, 0x01, 0x00, 0x00, 
0x03, 0x01, 0x00, 0x00, 0x02, 0x01, 0x00, 0x00, 0x10, 0x40, 0x00, 0x00, 0xf0, 0xe9, 0x02, 0x00, 
0x13, 0x01, 0x03, 0x00, 0x15, 0x40, 0x00, 0x00, 0xe0, 0x00, 0x00, 0x00, 0x18, 0x01, 0xda, 0xff, 
0x14, 0x01, 0x41, 0x00, 0x21, 0x01, 0x00, 0x00, 0x20, 0x01, 0x00, 0x00, 0x20, 0x40, 0x00, 0x00, 
0x50, 0x65, 0x32, 0x00, 0x21, 0x40, 0x00, 0x00, 0xa0, 0x01, 0x00, 0x00, 0x22, 0x40, 0x00, 0x00, 
0x20, 0x65, 0x32, 0x00, 0x23, 0x40, 0x00, 0x00, 0x30, 0x00, 0x00, 0x00, 0x16, 0x01, 0x0d, 0x00, 
0x17, 0x01, 0x07, 0x00, 0x0d, 0x01, 0x12, 0x00, 0x2d, 0x01, 0x1e, 0x00, 0x2f, 0x01, 0x01, 0x00, 
0x02, 0x00, 0x00, 0x00, 0x00, 0x40, 0x00, 0x00, 0xf0, 0xe9, 0x02, 0x00, 0x04, 0x01, 0x03, 0x00, 
0x05, 0x40, 0x00, 0x00, 0xe0, 0x00, 0x00, 0x00, 0x09, 0x01, 0xda, 0xff, 0x10, 0x40, 0x00, 0x00, 
0x40, 0x01, 0x01, 0x00, 0x16, 0x40, 0x00, 0x00, 0x01, 0x00, 0x00, 0x00, 0x15, 0x40, 0x00, 0x00, 
0xa6, 0x04, 0x00, 0x00, 0x14, 0x40, 0x00, 0x00, 0x55, 0x00, 0x00, 0x00, 0x14, 0x01, 0x01, 0x81, 
0x16, 0x01, 0x03, 0x00, 0x15, 0x01, 0x09, 0x00, 0x17, 0x01, 0x0f, 0x00, 0x0d, 0x01, 0x0a, 0x00, 
0x24, 0x40, 0x1f, 0x00, 0x01, 0x00, 0x00, 0x80, 0x2f, 0x01, 0x00, 0x00, 0x05, 0x00, 0x01, 0x00, 
0x30, 0x40, 0x00, 0x00, 0xe0, 0x4a, 0x01, 0x00, 0x10, 0x00, 0x00, 0x00, 0x00, 0x40, 0x00, 0x00, 
0x60, 0x42, 0x01, 0x00, 0x04, 0x01, 0x5f, 0x00, 0x05, 0x40, 0x00, 0x00, 0x40, 0x05, 0x00, 0x00, 
0x09, 0x01, 0x85, 0xff, 0x10, 0x40, 0x00, 0x00, 0xf0, 0xe9, 0x02, 0x00, 0x13, 0x01, 0x00, 0x00, 
0x16, 0x40, 0x00, 0x00, 0xe0, 0x00, 0x00, 0x00, 0x15, 0x40, 0x00, 0x00, 0xe0, 0x00, 0x00, 0x00, 
0x14, 0x40, 0x00, 0x00, 0x10, 0x00, 0x00, 0x00, 0x18, 0x01, 0x4a, 0x00, 0x14, 0x01, 0x41, 0x00, 
0x20, 0x40, 0x00, 0x00, 0x00, 0x67, 0x32, 0x00, 0x21, 0x40, 0x00, 0x00, 0xc0, 0x00, 0x00, 0x00, 
0x22, 0x40, 0x00, 0x00, 0xf0, 0x66, 0x32, 0x00, 0x23, 0x40, 0x00, 0x00, 0x10, 0x00, 0x00, 0x00, 
0x25, 0x01, 0x10, 0x00, 0x16, 0x01, 0x0d, 0x00, 0x15, 0x01, 0x0d, 0x00, 0x17, 0x01, 0x07, 0x00, 
0x0d, 0x01, 0x12, 0x00, 0x2f, 0x01, 0x03, 0x00, 0x11, 0x00, 0x00, 0x00, 0x02, 0x00, 0x00, 0x00, 
0x00, 0x40, 0x00, 0x00, 0xf0, 0xe9, 0x02, 0x00, 0x04, 0x01, 0x00, 0x00, 0x05, 0x40, 0x00, 0x00, 
0xe0, 0x00, 0x00, 0x00, 0x09, 0x01, 0x80, 0xff, 0x10, 0x40, 0x00, 0x00, 0x60, 0x42, 0x01, 0x00, 
0x18, 0x01, 0xda, 0xff, 0x14, 0x01, 0x41, 0x01, 0x25, 0x01, 0x00, 0x00, 0x16, 0x01, 0x01, 0x00, 
0x15, 0x01, 0x09, 0x00, 0x0d, 0x01, 0x0a, 0x00, 0x24, 0x40, 0x21, 0x00, 0xbd, 0x96, 0xc5, 0x44, 
0x2f, 0x01, 0x00, 0x00, 0x05, 0x00, 0x01, 0x00, 0x00, 0x40, 0x00, 0x00, 0x60, 0x42, 0x01, 0x00, 
0x09, 0x01, 0xda, 0xff, 0x10, 0x40, 0x00, 0x00, 0x44, 0x01, 0x01, 0x00, 0x16, 0x40, 0x00, 0x00, 
0x01, 0x00, 0x00, 0x00, 0x15, 0x40, 0x00, 0x00, 0xa6, 0x04, 0x00, 0x00, 0x14, 0x40, 0x00, 0x00, 
0x55, 0x00, 0x00, 0x00, 0x14, 0x01, 0x01, 0x81, 0x17, 0x01, 0x0f, 0x00, 0x24, 0x40, 0x1f, 0x00, 
0x01, 0x00, 0x00, 0x80, 0x2f, 0x01, 0x03, 0x00, 0x05, 0x00, 0x01, 0x00, 0x00, 0x40, 0x00, 0x00, 
0xc0, 0xb7, 0x00, 0x00, 0x04, 0x01, 0x5f, 0x00, 0x05, 0x40, 0x00, 0x00, 0x40, 0x05, 0x00, 0x00, 
0x09, 0x01, 0x87, 0xff, 0x00, 0x01, 0x01, 0x00, 0x01, 0x01, 0x01, 0x00, 0x03, 0x01, 0x01, 0x00, 
0x02, 0x01, 0x01, 0x00, 0x10, 0x40, 0x00, 0x00, 0x60, 0x42, 0x01, 0x00, 0x13, 0x01, 0x5f, 0x00, 
0x16, 0x40, 0x00, 0x00, 0xe0, 0x00, 0x00, 0x00, 0x15, 0x40, 0x00, 0x00, 0x40, 0x05, 0x00, 0x00, 
0x14, 0x40, 0x00, 0x00, 0x10, 0x00, 0x00, 0x00, 0x18, 0x01, 0x11, 0x00, 0x14, 0x01, 0x41, 0x00, 
0x21, 0x01, 0x02, 0x00, 0x20, 0x01, 0x02, 0x00, 0x20, 0x40, 0x00, 0x00, 0x80, 0x6b, 0x32, 0x00, 
0x21, 0x40, 0x00, 0x00, 0x40, 0x1b, 0x01, 0x00, 0x22, 0x40, 0x00, 0x00, 0xc0, 0x67, 0x32, 0x00, 
0x23, 0x40, 0x00, 0x00, 0xc0, 0x03, 0x00, 0x00, 0x16, 0x01, 0x05, 0x00, 0x15, 0x01, 0x0d, 0x00, 
0x17, 0x01, 0x2f, 0x00, 0x2d, 0x01, 0x0e, 0x00, 0x02, 0x00, 0x00, 0x00, 0x30, 0x40, 0x00, 0x00, 
0xb0, 0x4f, 0x01, 0x00, 0x10, 0x00, 0x00, 0x00, 0x24, 0x40, 0x2d, 0x00, 0x00, 0x00, 0x00, 0x40, 
0x00, 0x40, 0x00, 0x00, 0x60, 0x42, 0x01, 0x00, 0x09, 0x01, 0x11, 0x00, 0x10, 0x40, 0x00, 0x00, 
0xc0, 0xb7, 0x00, 0x00, 0x14, 0x01, 0x41, 0x01, 0x25, 0x01, 0x10, 0x00, 0x16, 0x01, 0x0d, 0x00, 
0x17, 0x01, 0x5f, 0x00, 0x0d, 0x01, 0x2e, 0x00, 0x2d, 0x01, 0x2e, 0x00, 0x89, 0x01, 0x00, 0x00, 
0x85, 0x01, 0x01, 0x00, 0x80, 0x01, 0x80, 0x00, 0x2f, 0x01, 0x00, 0x00, 0x11, 0x00, 0x00, 0x00, 
0x06, 0x00, 0x01, 0x00, 0x24, 0x40, 0x25, 0x00, 0x00, 0x1b, 0xa6, 0x48, 0x18, 0x01, 0x86, 0xff, 
0x25, 0x01, 0x00, 0x00, 0x16, 0x01, 0x0b, 0x00, 0x17, 0x01, 0x2f, 0x00, 0x80, 0x40, 0x00, 0x00, 
0xc0, 0xb7, 0x00, 0x00, 0x89, 0x01, 0x80, 0xff, 0x85, 0x01, 0x41, 0x00, 0x80, 0x01, 0x00, 0x00, 
0x06, 0x00, 0x00, 0x00, 0x00, 0x40, 0x00, 0x00, 0xc0, 0xb7, 0x00, 0x00, 0x09, 0x01, 0x86, 0xff, 
0x10, 0x40, 0x00, 0x00, 0x60, 0x42, 0x01, 0x00, 0x18, 0x01, 0xde, 0xff, 0x14, 0x01, 0x41, 0x00, 
0x20, 0x40, 0x00, 0x00, 0x80, 0x8a, 0x33, 0x00, 0x21, 0x40, 0x00, 0x00, 0xc0, 0x11, 0x01, 0x00, 
0x22, 0x40, 0x00, 0x00, 0xc0, 0x86, 0x33, 0x00, 0x16, 0x01, 0x05, 0x00, 0x0d, 0x01, 0x0a, 0x00, 
0x2d, 0x01, 0x0e, 0x00, 0x2f, 0x01, 0x03, 0x00, 0x02, 0x00, 0x00, 0x00, 0x30, 0x40, 0x00, 0x00, 
0x80, 0x54, 0x01, 0x00, 0x10, 0x00, 0x00, 0x00, 0x24, 0x40, 0x2d, 0x00, 0x00, 0x00, 0x00, 0x40, 
0x00, 0x40, 0x00, 0x00, 0x60, 0x42, 0x01, 0x00, 0x09, 0x01, 0xde, 0xff, 0x10, 0x40, 0x00, 0x00, 
0xc0, 0xb7, 0x00, 0x00, 0x14, 0x01, 0x41, 0x01, 0x25, 0x01, 0x10, 0x00, 0x16, 0x01, 0x0d, 0x00, 
0x17, 0x01, 0x5f, 0x00, 0x0d, 0x01, 0x2e, 0x00, 0x2d, 0x01, 0x2e, 0x00, 0x89, 0x01, 0x00, 0x00, 
0x85, 0x01, 0x01, 0x00, 0x80, 0x01, 0x80, 0x00, 0x2f, 0x01, 0x00, 0x00, 0x11, 0x00, 0x00, 0x00, 
0x06, 0x00, 0x01, 0x00, 0x24, 0x40, 0x26, 0x00, 0x00, 0x77, 0x60, 0x64, 0x18, 0x01, 0x82, 0xff, 
0x25, 0x01, 0x00, 0x00, 0x16, 0x01, 0x0b, 0x00, 0x17, 0x01, 0x2f, 0x00, 0x89, 0x01, 0x80, 0xff, 
0x85, 0x01, 0x41, 0x00, 0x80, 0x01, 0x00, 0x00, 0x06, 0x00, 0x00, 0x00, 0x30, 0x40, 0x00, 0x00, 
0xa0, 0x58, 0x01, 0x00, 0x12, 0x00, 0x01, 0x00, 0x10, 0x00, 0x00, 0x00, 0x00, 0x40, 0x00, 0x00, 
0xc0, 0xb7, 0x00, 0x00, 0x09, 0x01, 0x82, 0xff, 0x00, 0x01, 0x00, 0x00, 0x01, 0x01, 0x00, 0x00, 
0x03, 0x01, 0x00, 0x00, 0x02, 0x01, 0x00, 0x00, 0x10, 0x40, 0x00, 0x00, 0x60, 0x42, 0x01, 0x00, 
0x13, 0x01, 0x4f, 0x00, 0x15, 0x40, 0x00, 0x00, 0x60, 0x04, 0x00, 0x00, 0x18, 0x01, 0x68, 0x00, 
0x14, 0x01, 0x41, 0x00, 0x21, 0x01, 0x00, 0x00, 0x20, 0x01, 0x00, 0x00, 0x20, 0x40, 0x00, 0x00, 
0x60, 0x9f, 0x34, 0x00, 0x21, 0x40, 0x00, 0x00, 0xd0, 0x1d, 0x00, 0x00, 0x22, 0x40, 0x00, 0x00, 
0x40, 0x9c, 0x34, 0x00, 0x23, 0x40, 0x00, 0x00, 0x20, 0x03, 0x00, 0x00, 0x25, 0x01, 0x10, 0x00, 
0x16, 0x01, 0x05, 0x00, 0x0d, 0x01, 0x0a, 0x00, 0x2d, 0x01, 0x0e, 0x00, 0x2f, 0x01, 0x03, 0x00, 
0x11, 0x00, 0x00, 0x00, 0x02, 0x00, 0x00, 0x00, 0x00, 0x40, 0x00, 0x00, 0x60, 0x42, 0x01, 0x00, 
0x04, 0x01, 0x4f, 0x00, 0x05, 0x40, 0x00, 0x00, 0x60, 0x04, 0x00, 0x00, 0x09, 0x01, 0x80, 0xff, 
0x10, 0x40, 0x00, 0x00, 0xc0, 0xb7, 0x00, 0x00, 0x18, 0x01, 0xda, 0xff, 0x14, 0x01, 0x41, 0x01, 
0x25, 0x01, 0x00, 0x00, 0x16, 0x01, 0x01, 0x00, 0x15, 0x01, 0x09, 0x00, 0x17, 0x01, 0x0f, 0x00, 
0x2d, 0x01, 0x1e, 0x00, 0x24, 0x40, 0x21, 0x00, 0xbd, 0x96, 0xc5, 0x44, 0x05, 0x00, 0x01, 0x00, 
0x00, 0x40, 0x00, 0x00, 0xc0, 0xb7, 0x00, 0x00, 0x09, 0x01, 0xda, 0xff, 0x10, 0x40, 0x00, 0x00, 
0x45, 0x01, 0x01, 0x00, 0x16, 0x40, 0x00, 0x00, 0x01, 0x00, 0x00, 0x00, 0x15, 0x40, 0x00, 0x00, 
0xa6, 0x04, 0x00, 0x00, 0x14, 0x40, 0x00, 0x00, 0x55, 0x00, 0x00, 0x00, 0x14, 0x01, 0x01, 0x81, 
0x24, 0x40, 0x1f, 0x00, 0x01, 0x00, 0x00, 0x80, 0x05, 0x00, 0x01, 0x00, 0x00, 0x40, 0x00, 0x00, 
0x40, 0x01, 0x01, 0x00, 0x0b, 0x01, 0xc3, 0x00, 0x0c, 0x01, 0xc3, 0x00, 0x0a, 0x01, 0x54, 0x00, 
0x04, 0x01, 0x00, 0x00, 0x06, 0x40, 0x00, 0x00, 0x01, 0x00, 0x00, 0x00, 0x05, 0x40, 0x00, 0x00, 
0x55, 0x00, 0x00, 0x00, 0x04, 0x40, 0x00, 0x00, 0x01, 0x00, 0x00, 0x00, 0x09, 0x01, 0x00, 0x00, 
0x05, 0x01, 0x01, 0x00, 0x10, 0x40, 0x00, 0x00, 0xc0, 0xb7, 0x00, 0x00, 0x1b, 0x01, 0xc3, 0x00, 
0x1c, 0x01, 0xc3, 0x00, 0x1a, 0x01, 0x54, 0x00, 0x12, 0x01, 0xc3, 0x00, 0x11, 0x01, 0x54, 0x00, 
0x13, 0x01, 0x00, 0x00, 0x15, 0x40, 0x00, 0x00, 0x01, 0x00, 0x00, 0x00, 0x14, 0x40, 0x00, 0x00, 
0xc4, 0x00, 0x00, 0x00, 0x18, 0x01, 0x00, 0x00, 0x14, 0x01, 0x01, 0x01, 0x16, 0x01, 0x05, 0x00, 
0x15, 0x01, 0x05, 0x00, 0x17, 0x01, 0x07, 0x00, 0x05, 0x00, 0x01, 0x00, 0x00, 0x40, 0x00, 0x00, 
0xc0, 0xb7, 0x00, 0x00, 0x0b, 0x01, 0x00, 0x00, 0x0c, 0x01, 0x00, 0x00, 0x04, 0x01, 0xc3, 0x00, 
0x05, 0x40, 0x00, 0x00, 0x14, 0x41, 0x00, 0x00, 0x04, 0x40, 0x00, 0x00, 0xc4, 0x00, 0x00, 0x00, 
0x09, 0x01, 0xda, 0xff, 0x10, 0x40, 0x00, 0x00, 0x50, 0x97, 0x01, 0x00, 0x1b, 0x01, 0x00, 0x00, 
0x1c, 0x01, 0x00, 0x00, 0x12, 0x01, 0x00, 0x00, 0x13, 0x01, 0xc3, 0x00, 0x15, 0x40, 0x00, 0x00, 
0xa9, 0x55, 0x01, 0x00, 0x14, 0x40, 0x00, 0x00, 0x05, 0x04, 0x00, 0x00, 0x18, 0x01, 0xda, 0xff, 
0x14, 0x01, 0x01, 0x81, 0x16, 0x01, 0x01, 0x00, 0x15, 0x01, 0x03, 0x00, 0x17, 0x01, 0x7f, 0x00, 
0x05, 0x00, 0x01, 0x00, 0x00, 0x40, 0x00, 0x00, 0xc0, 0x24, 0x00, 0x00, 0x0b, 0x01, 0x0d, 0x00, 
0x0c, 0x01, 0x0d, 0x00, 0x0a, 0x01, 0x0d, 0x00, 0x04, 0x01, 0xbf, 0x00, 0x06, 0x40, 0x00, 0x00, 
0xe0, 0x00, 0x00, 0x00, 0x05, 0x40, 0x00, 0x00, 0x80, 0x0a, 0x00, 0x00, 0x04, 0x40, 0x00, 0x00, 
0x10, 0x00, 0x00, 0x00, 0x09, 0x01, 0x85, 0xff, 0x05, 0x01, 0x41, 0x00, 0x00, 0x01, 0x01, 0x00, 
0x01, 0x01, 0x01, 0x00, 0x10, 0x40, 0x00, 0x00, 0xc0, 0xb7, 0x00, 0x00, 0x1b, 0x01, 0x06, 0x00, 
0x1c, 0x01, 0x06, 0x00, 0x1a, 0x01, 0x06, 0x00, 0x12, 0x01, 0x06, 0x00, 0x11, 0x01, 0x06, 0x00, 
0x13, 0x01, 0xbf, 0x00, 0x16, 0x40, 0x00, 0x00, 0x70, 0x00, 0x00, 0x00, 0x15, 0x40, 0x00, 0x00, 
0x40, 0x05, 0x00, 0x00, 0x14, 0x40, 0x00, 0x00, 0x10, 0x00, 0x00, 0x00, 0x18, 0x01, 0xfb, 0xff, 
0x14, 0x01, 0x41, 0x00, 0x21, 0x01, 0x02, 0x00, 0x20, 0x01, 0x02, 0x00, 0x22, 0x01, 0x03, 0x00, 
0x20, 0x40, 0x00, 0x00, 0xb0, 0xc4, 0x34, 0x00, 0x21, 0x40, 0x00, 0x00, 0x10, 0x80, 0x04, 0x00, 
0x22, 0x40, 0x00, 0x00, 0x30, 0xbd, 0x34, 0x00, 0x23, 0x40, 0x00, 0x00, 0x80, 0x07, 0x00, 0x00, 
0x16, 0x01, 0x07, 0x00, 0x15, 0x01, 0x07, 0x00, 0x17, 0x01, 0x1f, 0x00, 0x0d, 0x01, 0x1a, 0x00, 
0x02, 0x00, 0x00, 0x00, 0x30, 0x40, 0x00, 0x00, 0x40, 0x61, 0x01, 0x00, 0x10, 0x00, 0x00, 0x00, 
0x24, 0x40, 0x2d, 0x00, 0x00, 0x00, 0x00, 0x40, 0x00, 0x40, 0x00, 0x00, 0xc0, 0xb7, 0x00, 0x00, 
0x0b, 0x01, 0x06, 0x00, 0x0c, 0x01, 0x06, 0x00, 0x0a, 0x01, 0x06, 0x00, 0x06, 0x40, 0x00, 0x00, 
0x70, 0x00, 0x00, 0x00, 0x05, 0x40, 0x00, 0x00, 0x40, 0x05, 0x00, 0x00, 0x09, 0x01, 0xfb, 0xff, 
0x10, 0x40, 0x00, 0x00, 0x40, 0x6e, 0x00, 0x00, 0x14, 0x01, 0x41, 0x01, 0x25, 0x01, 0x10, 0x00, 
0x17, 0x01, 0x7f, 0x00, 0x0d, 0x01, 0x2e, 0x00, 0x2d, 0x01, 0x2e, 0x00, 0x89, 0x01, 0x00, 0x00, 
0x85, 0x01, 0x01, 0x00, 0x80, 0x01, 0x80, 0x00, 0x2f, 0x01, 0x00, 0x00, 0x11, 0x00, 0x00, 0x00, 
0x06, 0x00, 0x01, 0x00, 0x24, 0x40, 0x26, 0x00, 0x80, 0xfd, 0xb5, 0x78, 0x18, 0x01, 0x86, 0xff, 
0x25, 0x01, 0x00, 0x00, 0x80, 0x40, 0x00, 0x00, 0x40, 0x6e, 0x00, 0x00, 0x8b, 0x01, 0x06, 0x00, 
0x8c, 0x01, 0x06, 0x00, 0x8a, 0x01, 0x06, 0x00, 0x86, 0x40, 0x00, 0x00, 0x70, 0x00, 0x00, 0x00, 
0x89, 0x01, 0x80, 0xff, 0x85, 0x01, 0x41, 0x00, 0x80, 0x01, 0x00, 0x00, 0x06, 0x00, 0x00, 0x00, 
0x00, 0x40, 0x00, 0x00, 0x40, 0x6e, 0x00, 0x00, 0x09, 0x01, 0x86, 0xff, 0x00, 0x01, 0x00, 0x00, 
0x01, 0x01, 0x00, 0x00, 0x10, 0x40, 0x00, 0x00, 0xc0, 0x24, 0x00, 0x00, 0x15, 0x40, 0x00, 0x00, 
0x80, 0x0a, 0x00, 0x00, 0x14, 0x01, 0x41, 0x81, 0x21, 0x01, 0x00, 0x00, 0x20, 0x01, 0x00, 0x00, 
0x22, 0x01, 0x00, 0x00, 0x16, 0x01, 0x03, 0x00, 0x15, 0x01, 0x03, 0x00, 0x0d, 0x01, 0x0a, 0x00, 
0x2d, 0x01, 0x1e, 0x00, 0x24, 0x40, 0x1f, 0x00, 0x01, 0x00, 0x00, 0x80, 0x05, 0x00, 0x01, 0x00, 
0x00, 0x40, 0x00, 0x00, 0x00, 0x00, 0x00, 0x00, 0x10, 0x40, 0x00, 0x00, 0x00, 0x2a, 0x00, 0x00, 
0x2f, 0x01, 0x03, 0x00, 0x05, 0x00, 0x01, 0x00, 0x00, 0x40, 0x00, 0x00, 0xc0, 0x24, 0x00, 0x00, 
0x04, 0x01, 0x7f, 0x01, 0x05, 0x40, 0x00, 0x00, 0x80, 0x0a, 0x00, 0x00, 0x10, 0x40, 0x00, 0x00, 
0x00, 0x00, 0x00, 0x00, 0x15, 0x40, 0x00, 0x00, 0x40, 0x05, 0x00, 0x00, 0x18, 0x01, 0xed, 0xff, 
0x14, 0x01, 0x41, 0x00, 0x20, 0x40, 0x00, 0x00, 0x40, 0x4c, 0x39, 0x00, 0x21, 0x40, 0x00, 0x00, 
0x20, 0x0a, 0x01, 0x00, 0x22, 0x40, 0x00, 0x00, 0xc0, 0x44, 0x39, 0x00, 0x16, 0x01, 0x07, 0x00, 
0x15, 0x01, 0x07, 0x00, 0x17, 0x01, 0x3f, 0x00, 0x2d, 0x01, 0x0e, 0x00, 0x02, 0x00, 0x00, 0x00, 
0x30, 0x40, 0x00, 0x00, 0xd0, 0x69, 0x01, 0x00, 0x10, 0x00, 0x00, 0x00, 0x24, 0x40, 0x2d, 0x00, 
0x00, 0x00, 0x00, 0x40, 0x00, 0x40, 0x00, 0x00, 0x00, 0x00, 0x00, 0x00, 0x04, 0x01, 0xbf, 0x00, 
0x05, 0x40, 0x00, 0x00, 0x40, 0x05, 0x00, 0x00, 0x09, 0x01, 0xed, 0xff, 0x10, 0x40, 0x00, 0x00, 
0x40, 0x6e, 0x00, 0x00, 0x14, 0x01, 0x41, 0x01, 0x25, 0x01, 0x10, 0x00, 0x17, 0x01, 0x7f, 0x00, 
0x0d, 0x01, 0x2e, 0x00, 0x2d, 0x01, 0x2e, 0x00, 0x89, 0x01, 0x00, 0x00, 0x85, 0x01, 0x01, 0x00, 
0x80, 0x01, 0x80, 0x00, 0x2f, 0x01, 0x00, 0x00, 0x11, 0x00, 0x00, 0x00, 0x06, 0x00, 0x01, 0x00, 
0x24, 0x40, 0x26, 0x00, 0x00, 0xc1, 0xa7, 0x6d, 0x18, 0x01, 0x85, 0xff, 0x25, 0x01, 0x00, 0x00, 
0x89, 0x01, 0x80, 0xff, 0x85, 0x01, 0x41, 0x00, 0x80, 0x01, 0x00, 0x00, 0x06, 0x00, 0x00, 0x00, 
0x00, 0x40, 0x00, 0x00, 0x40, 0x6e, 0x00, 0x00, 0x09, 0x01, 0x85, 0xff, 0x10, 0x40, 0x00, 0x00, 
0x00, 0x00, 0x00, 0x00, 0x18, 0x01, 0xf4, 0xff, 0x14, 0x01, 0x41, 0x00, 0x20, 0x40, 0x00, 0x00, 
0xe0, 0x5d, 0x3a, 0x00, 0x21, 0x40, 0x00, 0x00, 0xf0, 0x80, 0x00, 0x00, 0x22, 0x40, 0x00, 0x00, 
0x60, 0x56, 0x3a, 0x00, 0x17, 0x01, 0x3f, 0x00, 0x0d, 0x01, 0x0a, 0x00, 0x2d, 0x01, 0x0e, 0x00, 
0x2f, 0x01, 0x01, 0x00, 0x02, 0x00, 0x00, 0x00, 0x30, 0x40, 0x00, 0x00, 0x60, 0x72, 0x01, 0x00, 
0x10, 0x00, 0x00, 0x00, 0x24, 0x40, 0x2d, 0x00, 0x00, 0x00, 0x00, 0x40, 0x00, 0x40, 0x00, 0x00, 
0x00, 0x00, 0x00, 0x00, 0x09, 0x01, 0xf4, 0xff, 0x10, 0x40, 0x00, 0x00, 0x40, 0x6e, 0x00, 0x00, 
0x14, 0x01, 0x41, 0x01, 0x25, 0x01, 0x10, 0x00, 0x17, 0x01, 0x7f, 0x00, 0x0d, 0x01, 0x2e, 0x00, 
0x2d, 0x01, 0x2e, 0x00, 0x89, 0x01, 0x00, 0x00, 0x85, 0x01, 0x01, 0x00, 0x80, 0x01, 0x80, 0x00, 
0x2f, 0x01, 0x00, 0x00, 0x11, 0x00, 0x00, 0x00, 0x06, 0x00, 0x01, 0x00, 0x24, 0x40, 0x26, 0x00, 
0x00, 0x66, 0x47, 0x72, 0x18, 0x01, 0x86, 0xff, 0x25, 0x01, 0x00, 0x00, 0x89, 0x01, 0x80, 0xff, 
0x85, 0x01, 0x41, 0x00, 0x80, 0x01, 0x00, 0x00, 0x06, 0x00, 0x00, 0x00, 0x00, 0x40, 0x00, 0x00, 
0x40, 0x6e, 0x00, 0x00, 0x09, 0x01, 0x86, 0xff, 0x00, 0x01, 0x01, 0x00, 0x01, 0x01, 0x01, 0x00, 
0x03, 0x01, 0x01, 0x00, 0x02, 0x01, 0x01, 0x00, 0x10, 0x40, 0x00, 0x00, 0x00, 0x93, 0x00, 0x00, 
0x18, 0x01, 0xe9, 0xff, 0x14, 0x01, 0x41, 0x00, 0x21, 0x01, 0x02, 0x00, 0x20, 0x01, 0x02, 0x00, 
0x20, 0x40, 0x00, 0x00, 0x50, 0xe6, 0x3a, 0x00, 0x21, 0x40, 0x00, 0x00, 0xb0, 0x69, 0x04, 0x00, 
0x22, 0x40, 0x00, 0x00, 0xd0, 0xde, 0x3a, 0x00, 0x17, 0x01, 0x3f, 0x00, 0x0d, 0x01, 0x0a, 0x00, 
0x2d, 0x01, 0x0e, 0x00, 0x2f, 0x01, 0x01, 0x00, 0x02, 0x00, 0x00, 0x00, 0x30, 0x40, 0x00, 0x00, 
0xf0, 0x7a, 0x01, 0x00, 0x10, 0x00, 0x00, 0x00, 0x24, 0x40, 0x2d, 0x00, 0x00, 0x00, 0x00, 0x40, 
0x00, 0x40, 0x00, 0x00, 0x00, 0x93, 0x00, 0x00, 0x09, 0x01, 0xe9, 0xff, 0x10, 0x40, 0x00, 0x00, 
0x00, 0x00, 0x00, 0x00, 0x14, 0x01, 0x41, 0x01, 0x25, 0x01, 0x10, 0x00, 0x17, 0x01, 0x7f, 0x00, 
0x0d, 0x01, 0x2e, 0x00, 0x2d, 0x01, 0x2e, 0x00, 0x89, 0x01, 0x00, 0x00, 0x85, 0x01, 0x01, 0x00, 
0x80, 0x01, 0x80, 0x00, 0x2f, 0x01, 0x00, 0x00, 0x11, 0x00, 0x00, 0x00, 0x06, 0x00, 0x01, 0x00, 
0x24, 0x40, 0x26, 0x00, 0x80, 0x40, 0xed, 0x6a, 0x18, 0x01, 0x85, 0xff, 0x25, 0x01, 0x00, 0x00, 
0x80, 0x40, 0x00, 0x00, 0x00, 0x00, 0x00, 0x00, 0x89, 0x01, 0x80, 0xff, 0x85, 0x01, 0x41, 0x00, 
0x80, 0x01, 0x00, 0x00, 0x06, 0x00, 0x00, 0x00, 0x00, 0x40, 0x00, 0x00, 0x00, 0x00, 0x00, 0x00, 
0x09, 0x01, 0x85, 0xff, 0x00, 0x01, 0x00, 0x00, 0x01, 0x01, 0x00, 0x00, 0x03, 0x01, 0x00, 0x00, 
0x02, 0x01, 0x00, 0x00, 0x10, 0x40, 0x00, 0x00, 0x40, 0x6e, 0x00, 0x00, 0x15, 0x40, 0x00, 0x00, 
0x80, 0x0a, 0x00, 0x00, 0x14, 0x01, 0x41, 0x81, 0x21, 0x01, 0x00, 0x00, 0x20, 0x01, 0x00, 0x00, 
0x16, 0x01, 0x03, 0x00, 0x15, 0x01, 0x03, 0x00, 0x0d, 0x01, 0x0a, 0x00, 0x2d, 0x01, 0x1e, 0x00, 
0x24, 0x40, 0x1f, 0x00, 0x01, 0x00, 0x00, 0x80, 0x05, 0x00, 0x01, 0x00, 0x00, 0x40, 0x00, 0x00, 
0xc0, 0x24, 0x00, 0x00, 0x04, 0x01, 0x7f, 0x01, 0x05, 0x40, 0x00, 0x00, 0x80, 0x0a, 0x00, 0x00, 
0x09, 0x01, 0x86, 0xff, 0x10, 0x40, 0x00, 0x00, 0x00, 0x00, 0x00, 0x00, 0x15, 0x40, 0x00, 0x00, 
0x40, 0x05, 0x00, 0x00, 0x18, 0x01, 0xeb, 0xff, 0x14, 0x01, 0x41, 0x00, 0x20, 0x40, 0x00, 0x00, 
0x80, 0x57, 0x3f, 0x00, 0x21, 0x40, 0x00, 0x00, 0x30, 0xfe, 0x00, 0x00, 0x22, 0x40, 0x00, 0x00, 
0x00, 0x50, 0x3f, 0x00, 0x16, 0x01, 0x07, 0x00, 0x15, 0x01, 0x07, 0x00, 0x17, 0x01, 0x3f, 0x00, 
0x2d, 0x01, 0x0e, 0x00, 0x2f, 0x01, 0x03, 0x00, 0x02, 0x00, 0x00, 0x00, 0x30, 0x40, 0x00, 0x00, 
0x80, 0x83, 0x01, 0x00, 0x10, 0x00, 0x00, 0x00, 0x24, 0x40, 0x2d, 0x00, 0x00, 0x00, 0x00, 0x40, 
0x00, 0x40, 0x00, 0x00, 0x00, 0x00, 0x00, 0x00, 0x04, 0x01, 0xbf, 0x00, 0x05, 0x40, 0x00, 0x00, 
0x40, 0x05, 0x00, 0x00, 0x09, 0x01, 0xeb, 0xff, 0x10, 0x40, 0x00, 0x00, 0xc0, 0x24, 0x00, 0x00, 
0x14, 0x01, 0x41, 0x01, 0x25, 0x01, 0x10, 0x00, 0x17, 0x01, 0x7f, 0x00, 0x0d, 0x01, 0x2e, 0x00, 
0x2d, 0x01, 0x2e, 0x00, 0x89, 0x01, 0x00, 0x00, 0x85, 0x01, 0x01, 0x00, 0x80, 0x01, 0x80, 0x00, 
0x2f, 0x01, 0x00, 0x00, 0x11, 0x00, 0x00, 0x00, 0x06, 0x00, 0x01, 0x00, 0x24, 0x40, 0x26, 0x00, 
0x00, 0x6d, 0x38, 0x67, 0x18, 0x01, 0x85, 0xff, 0x25, 0x01, 0x00, 0x00, 0x80, 0x40, 0x00, 0x00, 
0xc0, 0x24, 0x00, 0x00, 0x89, 0x01, 0x80, 0xff, 0x85, 0x01, 0x41, 0x00, 0x80, 0x01, 0x00, 0x00, 
0x06, 0x00, 0x00, 0x00, 0x00, 0x40, 0x00, 0x00, 0xc0, 0x24, 0x00, 0x00, 0x09, 0x01, 0x85, 0xff, 
0x10, 0x40, 0x00, 0x00, 0x80, 0x73, 0x00, 0x00, 0x15, 0x40, 0x00, 0x00, 0x80, 0x0a, 0x00, 0x00, 
0x14, 0x01, 0x41, 0x81, 0x16, 0x01, 0x03, 0x00, 0x15, 0x01, 0x03, 0x00, 0x0d, 0x01, 0x0a, 0x00, 
0x2d, 0x01, 0x1e, 0x00, 0x24, 0x40, 0x1f, 0x00, 0x01, 0x00, 0x00, 0x80, 0x05, 0x00, 0x01, 0x00, 
0x00, 0x40, 0x00, 0x00, 0x40, 0x6e, 0x00, 0x00, 0x04, 0x01, 0x7f, 0x01, 0x05, 0x40, 0x00, 0x00, 
0x80, 0x0a, 0x00, 0x00, 0x10, 0x40, 0x00, 0x00, 0x00, 0x00, 0x00, 0x00, 0x13, 0x01, 0x7f, 0x01, 
0x18, 0x01, 0x2d, 0x00, 0x14, 0x01, 0x41, 0x00, 0x20, 0x40, 0x00, 0x00, 0xb0, 0x64, 0x40, 0x00, 
0x21, 0x40, 0x00, 0x00, 0x80, 0x0e, 0x02, 0x00, 0x22, 0x40, 0x00, 0x00, 0xb0, 0x55, 0x40, 0x00, 
0x23, 0x40, 0x00, 0x00, 0x00, 0x0f, 0x00, 0x00, 0x16, 0x01, 0x07, 0x00, 0x15, 0x01, 0x07, 0x00, 
0x17, 0x01, 0x3f, 0x00, 0x2d, 0x01, 0x0e, 0x00, 0x2f, 0x01, 0x03, 0x00, 0x02, 0x00, 0x00, 0x00, 
0x30, 0x40, 0x00, 0x00, 0x90, 0x93, 0x01, 0x00, 0x10, 0x00, 0x00, 0x00, 0x24, 0x40, 0x2d, 0x00, 
0x00, 0x00, 0x00, 0x40, 0x00, 0x40, 0x00, 0x00, 0x00, 0x00, 0x00, 0x00, 0x09, 0x01, 0x2d, 0x00, 
0x10, 0x40, 0x00, 0x00, 0x80, 0x49, 0x00, 0x00, 0x14, 0x01, 0x41, 0x01, 0x25, 0x01, 0x10, 0x00, 
0x17, 0x01, 0x7f, 0x00, 0x0d, 0x01, 0x2e, 0x00, 0x2d, 0x01, 0x2e, 0x00, 0x89, 0x01, 0x00, 0x00, 
0x85, 0x01, 0x01, 0x00, 0x80, 0x01, 0x80, 0x00, 0x2f, 0x01, 0x00, 0x00, 0x11, 0x00, 0x00, 0x00, 
0x06, 0x00, 0x01, 0x00, 0x24, 0x40, 0x25, 0x00, 0x00, 0xf0, 0xf9, 0x5f, 0x18, 0x01, 0x88, 0xff, 
0x25, 0x01, 0x00, 0x00, 0x80, 0x40, 0x00, 0x00, 0x80, 0x49, 0x00, 0x00, 0x85, 0x40, 0x00, 0x00, 
0x80, 0x0a, 0x00, 0x00, 0x89, 0x01, 0x80, 0xff, 0x85, 0x01, 0x41, 0x00, 0x80, 0x01, 0x00, 0x00, 
0x06, 0x00, 0x00, 0x00, 0x00, 0x40, 0x00, 0x00, 0x80, 0x49, 0x00, 0x00, 0x09, 0x01, 0x88, 0xff, 
0x10, 0x40, 0x00, 0x00, 0x00, 0x00, 0x00, 0x00, 0x13, 0x01, 0x5f, 0x00, 0x15, 0x40, 0x00, 0x00, 
0xa0, 0x02, 0x00, 0x00, 0x18, 0x01, 0xf8, 0xff, 0x14, 0x01, 0x41, 0x00, 0x20, 0x40, 0x00, 0x00, 
0xf0, 0x76, 0x42, 0x00, 0x21, 0x40, 0x00, 0x00, 0x50, 0x7e, 0x00, 0x00, 0x22, 0x40, 0x00, 0x00, 
0x30, 0x73, 0x42, 0x00, 0x23, 0x40, 0x00, 0x00, 0xc0, 0x03, 0x00, 0x00, 0x17, 0x01, 0x2f, 0x00, 
0x0d, 0x01, 0x0a, 0x00, 0x2d, 0x01, 0x0e, 0x00, 0x2f, 0x01, 0x02, 0x00, 0x02, 0x00, 0x00, 0x00, 
0x30, 0x40, 0x00, 0x00, 0x60, 0x98, 0x01, 0x00, 0x10, 0x00, 0x00, 0x00, 0x24, 0x40, 0x2d, 0x00, 
0x00, 0x00, 0x00, 0x40, 0x00, 0x40, 0x00, 0x00, 0x00, 0x00, 0x00, 0x00, 0x04, 0x01, 0x5f, 0x00, 
0x05, 0x40, 0x00, 0x00, 0xa0, 0x02, 0x00, 0x00, 0x09, 0x01, 0xf8, 0xff, 0x10, 0x40, 0x00, 0x00, 
0x60, 0x12, 0x00, 0x00, 0x14, 0x01, 0x41, 0x01, 0x25, 0x01, 0x10, 0x00, 0x17, 0x01, 0x4f, 0x00, 
0x0d, 0x01, 0x2e, 0x00, 0x2d, 0x01, 0x2e, 0x00, 0x89, 0x01, 0x00, 0x00, 0x85, 0x01, 0x01, 0x00, 
0x80, 0x01, 0x80, 0x00, 0x2f, 0x01, 0x00, 0x00, 0x11, 0x00, 0x00, 0x00, 0x06, 0x00, 0x01, 0x00, 
0x24, 0x40, 0x26, 0x00, 0x80, 0xac, 0xfe, 0x75, 0x18, 0x01, 0x86, 0xff, 0x25, 0x01, 0x00, 0x00, 
0x80, 0x40, 0x00, 0x00, 0x60, 0x12, 0x00, 0x00, 0x85, 0x40, 0x00, 0x00, 0xa0, 0x02, 0x00, 0x00, 
0x89, 0x01, 0x80, 0xff, 0x85, 0x01, 0x41, 0x00, 0x80, 0x01, 0x00, 0x00, 0x06, 0x00, 0x00, 0x00, 
0x00, 0x40, 0x00, 0x00, 0x60, 0x12, 0x00, 0x00, 0x09, 0x01, 0x86, 0xff, 0x00, 0x01, 0x01, 0x00, 
0x01, 0x01, 0x01, 0x00, 0x03, 0x01, 0x01, 0x00, 0x02, 0x01, 0x01, 0x00, 0x10, 0x40, 0x00, 0x00, 
0x00, 0x00, 0x00, 0x00, 0x18, 0x01, 0xfa, 0xff, 0x14, 0x01, 0x41, 0x00, 0x21, 0x01, 0x02, 0x00, 
0x20, 0x01, 0x02, 0x00, 0x20, 0x40, 0x00, 0x00, 0x00, 0xf9, 0x42, 0x00, 0x21, 0x40, 0x00, 0x00, 
0x00, 0x00, 0x01, 0x00, 0x22, 0x40, 0x00, 0x00, 0x40, 0xf5, 0x42, 0x00, 0x17, 0x01, 0x2f, 0x00, 
0x0d, 0x01, 0x0a, 0x00, 0x2d, 0x01, 0x0e, 0x00, 0x2f, 0x01, 0x01, 0x00, 0x02, 0x00, 0x00, 0x00, 
0x30, 0x40, 0x00, 0x00, 0x30, 0x9d, 0x01, 0x00, 0x10, 0x00, 0x00, 0x00, 0x24, 0x40, 0x2d, 0x00, 
0x00, 0x00, 0x00, 0x40, 0x00, 0x40, 0x00, 0x00, 0x00, 0x00, 0x00, 0x00, 0x09, 0x01, 0xfa, 0xff, 
0x10, 0x40, 0x00, 0x00, 0xc0, 0x24, 0x00, 0x00, 0x14, 0x01, 0x41, 0x01, 0x25, 0x01, 0x10, 0x00, 
0x17, 0x01, 0x4f, 0x00, 0x0d, 0x01, 0x2e, 0x00, 0x2d, 0x01, 0x2e, 0x00, 0x89, 0x01, 0x00, 0x00, 
0x85, 0x01, 0x01, 0x00, 0x80, 0x01, 0x80, 0x00, 0x2f, 0x01, 0x00, 0x00, 0x11, 0x00, 0x00, 0x00, 
0x06, 0x00, 0x01, 0x00, 0x24, 0x40, 0x26, 0x00, 0x00, 0xdb, 0xdf, 0x77, 0x18, 0x01, 0x86, 0xff, 
0x25, 0x01, 0x00, 0x00, 0x80, 0x40, 0x00, 0x00, 0xc0, 0x24, 0x00, 0x00, 0x89, 0x01, 0x80, 0xff, 
0x85, 0x01, 0x41, 0x00, 0x80, 0x01, 0x00, 0x00, 0x06, 0x00, 0x00, 0x00, 0x00, 0x40, 0x00, 0x00, 
0xc0, 0x24, 0x00, 0x00, 0x09, 0x01, 0x86, 0xff, 0x10, 0x40, 0x00, 0x00, 0x00, 0x00, 0x00, 0x00, 
0x18, 0x01, 0x05, 0x00, 0x14, 0x01, 0x41, 0x00, 0x20, 0x40, 0x00, 0x00, 0xc0, 0xfc, 0x43, 0x00, 
0x21, 0x40, 0x00, 0x00, 0x80, 0xea, 0x00, 0x00, 0x22, 0x40, 0x00, 0x00, 0x00, 0xf9, 0x43, 0x00, 
0x17, 0x01, 0x2f, 0x00, 0x0d, 0x01, 0x0a, 0x00, 0x2d, 0x01, 0x0e, 0x00, 0x2f, 0x01, 0x01, 0x00, 
0x02, 0x00, 0x00, 0x00, 0x30, 0x40, 0x00, 0x00, 0x00, 0xa2, 0x01, 0x00, 0x10, 0x00, 0x00, 0x00, 
0x24, 0x40, 0x2d, 0x00, 0x00, 0x00, 0x00, 0x40, 0x00, 0x40, 0x00, 0x00, 0x00, 0x00, 0x00, 0x00, 
0x09, 0x01, 0x05, 0x00, 0x10, 0x40, 0x00, 0x00, 0xc0, 0x24, 0x00, 0x00, 0x14, 0x01, 0x41, 0x01, 
0x25, 0x01, 0x10, 0x00, 0x17, 0x01, 0x4f, 0x00, 0x0d, 0x01, 0x2e, 0x00, 0x2d, 0x01, 0x2e, 0x00, 
0x89, 0x01, 0x00, 0x00, 0x85, 0x01, 0x01, 0x00, 0x80, 0x01, 0x80, 0x00, 0x2f, 0x01, 0x00, 0x00, 
0x11, 0x00, 0x00, 0x00, 0x06, 0x00, 0x01, 0x00, 0x24, 0x40, 0x25, 0x00, 0x00, 0xaf, 0x24, 0x41, 
0x18, 0x01, 0x86, 0xff, 0x25, 0x01, 0x00, 0x00, 0x89, 0x01, 0x80, 0xff, 0x85, 0x01, 0x41, 0x00, 
0x80, 0x01, 0x00, 0x00, 0x06, 0x00, 0x00, 0x00, 0x00, 0x40, 0x00, 0x00, 0xc0, 0x24, 0x00, 0x00, 
0x09, 0x01, 0x86, 0xff, 0x00, 0x01, 0x00, 0x00, 0x01, 0x01, 0x00, 0x00, 0x03, 0x01, 0x00, 0x00, 
0x02, 0x01, 0x00, 0x00, 0x10, 0x40, 0x00, 0x00, 0x20, 0x37, 0x00, 0x00, 0x13, 0x01, 0x03, 0x00, 
0x15, 0x40, 0x00, 0x00, 0x70, 0x00, 0x00, 0x00, 0x18, 0x01, 0xda, 0xff, 0x14, 0x01, 0x41, 0x00, 
0x21, 0x01, 0x00, 0x00, 0x20, 0x01, 0x00, 0x00, 0x20, 0x40, 0x00, 0x00, 0x70, 0xe7, 0x44, 0x00, 
0x21, 0x40, 0x00, 0x00, 0x80, 0x01, 0x00, 0x00, 0x22, 0x40, 0x00, 0x00, 0x40, 0xe7, 0x44, 0x00, 
0x23, 0x40, 0x00, 0x00, 0x30, 0x00, 0x00, 0x00, 0x17, 0x01, 0x07, 0x00, 0x0d, 0x01, 0x0a, 0x00, 
0x2d, 0x01, 0x1e, 0x00, 0x2f, 0x01, 0x01, 0x00, 0x02, 0x00, 0x00, 0x00, 0x00, 0x40, 0x00, 0x00, 
0x20, 0x37, 0x00, 0x00, 0x04, 0x01, 0x03, 0x00, 0x05, 0x40, 0x00, 0x00, 0x70, 0x00, 0x00, 0x00, 
0x09, 0x01, 0xda, 0xff, 0x10, 0x40, 0x00, 0x00, 0x00, 0x00, 0x00, 0x00, 0x16, 0x40, 0x00, 0x00, 
0x01, 0x00, 0x00, 0x00, 0x15, 0x40, 0x00, 0x00, 0x53, 0x02, 0x00, 0x00, 0x14, 0x40, 0x00, 0x00, 
0x55, 0x00, 0x00, 0x00, 0x14, 0x01, 0x01, 0x81, 0x16, 0x01, 0x03, 0x00, 0x15, 0x01, 0x03, 0x00, 
0x17, 0x01, 0x57, 0x00, 0x24, 0x40, 0x1f, 0x00, 0x01, 0x00, 0x00, 0x80, 0x2f, 0x01, 0x00, 0x00, 
0x05, 0x00, 0x01, 0x00, 0x30, 0x40, 0x00, 0x00, 0x40, 0xa3, 0x01, 0x00, 0x10, 0x00, 0x00, 0x00, 
0x00, 0x40, 0x00, 0x00, 0xc0, 0x24, 0x00, 0x00, 0x04, 0x01, 0x5f, 0x00, 0x05, 0x40, 0x00, 0x00, 
0xa0, 0x02, 0x00, 0x00, 0x09, 0x01, 0x86, 0xff, 0x10, 0x40, 0x00, 0x00, 0x20, 0x37, 0x00, 0x00, 
0x13, 0x01, 0x00, 0x00, 0x16, 0x40, 0x00, 0x00, 0x70, 0x00, 0x00, 0x00, 0x15, 0x40, 0x00, 0x00, 
0x70, 0x00, 0x00, 0x00, 0x14, 0x40, 0x00, 0x00, 0x10, 0x00, 0x00, 0x00, 0x18, 0x01, 0x42, 0x00, 
0x14, 0x01, 0x41, 0x00, 0x20, 0x40, 0x00, 0x00, 0x00, 0xe9, 0x44, 0x00, 0x21, 0x40, 0x00, 0x00, 
0xb0, 0x00, 0x00, 0x00, 0x22, 0x40, 0x00, 0x00, 0xf0, 0xe8, 0x44, 0x00, 0x23, 0x40, 0x00, 0x00, 
0x10, 0x00, 0x00, 0x00, 0x25, 0x01, 0x10, 0x00, 0x16, 0x01, 0x07, 0x00, 0x15, 0x01, 0x07, 0x00, 
0x17, 0x01, 0x07, 0x00, 0x2f, 0x01, 0x03, 0x00, 0x11, 0x00, 0x00, 0x00, 0x02, 0x00, 0x00, 0x00, 
0x00, 0x40, 0x00, 0x00, 0x20, 0x37, 0x00, 0x00, 0x04, 0x01, 0x00, 0x00, 0x05, 0x40, 0x00, 0x00, 
0x70, 0x00, 0x00, 0x00, 0x09, 0x01, 0x80, 0xff, 0x10, 0x40, 0x00, 0x00, 0xc0, 0x24, 0x00, 0x00, 
0x18, 0x01, 0xda, 0xff, 0x14, 0x01, 0x41, 0x01, 0x25, 0x01, 0x00, 0x00, 0x16, 0x01, 0x03, 0x00, 
0x15, 0x01, 0x03, 0x00, 0x24, 0x40, 0x21, 0x00, 0xbd, 0x96, 0xc5, 0x44, 0x2f, 0x01, 0x00, 0x00, 
0x05, 0x00, 0x01, 0x00, 0x00, 0x40, 0x00, 0x00, 0xc0, 0x24, 0x00, 0x00, 0x09, 0x01, 0xda, 0xff, 
0x10, 0x40, 0x00, 0x00, 0x04, 0x00, 0x00, 0x00, 0x16, 0x40, 0x00, 0x00, 0x01, 0x00, 0x00, 0x00, 
0x15, 0x40, 0x00, 0x00, 0x53, 0x02, 0x00, 0x00, 0x14, 0x40, 0x00, 0x00, 0x55, 0x00, 0x00, 0x00, 
0x14, 0x01, 0x01, 0x81, 0x17, 0x01, 0x57, 0x00, 0x24, 0x40, 0x1f, 0x00, 0x01, 0x00, 0x00, 0x80, 
0x2f, 0x01, 0x03, 0x00, 0x05, 0x00, 0x01, 0x00, 0x00, 0x40, 0x00, 0x00, 0x60, 0x12, 0x00, 0x00, 
0x04, 0x01, 0x5f, 0x00, 0x05, 0x40, 0x00, 0x00, 0xa0, 0x02, 0x00, 0x00, 0x09, 0x01, 0x86, 0xff, 
0x00, 0x01, 0x01, 0x00, 0x01, 0x01, 0x01, 0x00, 0x03, 0x01, 0x01, 0x00, 0x02, 0x01, 0x01, 0x00, 
0x10, 0x40, 0x00, 0x00, 0xc0, 0x24, 0x00, 0x00, 0x13, 0x01, 0x5f, 0x00, 0x16, 0x40, 0x00, 0x00, 
0x70, 0x00, 0x00, 0x00, 0x15, 0x40, 0x00, 0x00, 0xa0, 0x02, 0x00, 0x00, 0x14, 0x40, 0x00, 0x00, 
0x10, 0x00, 0x00, 0x00, 0x18, 0x01, 0xd9, 0xff, 0x14, 0x01, 0x41, 0x00, 0x21, 0x01, 0x02, 0x00, 
0x20, 0x01, 0x02, 0x00, 0x20, 0x40, 0x00, 0x00, 0x70, 0xed, 0x44, 0x00, 0x21, 0x40, 0x00, 0x00, 
0xc0, 0x1b, 0x01, 0x00, 0x22, 0x40, 0x00, 0x00, 0xb0, 0xe9, 0x44, 0x00, 0x23, 0x40, 0x00, 0x00, 
0xc0, 0x03, 0x00, 0x00, 0x16, 0x01, 0x07, 0x00, 0x15, 0x01, 0x07, 0x00, 0x17, 0x01, 0x2f, 0x00, 
0x2d, 0x01, 0x0e, 0x00, 0x02, 0x00, 0x00, 0x00, 0x30, 0x40, 0x00, 0x00, 0x10, 0xa8, 0x01, 0x00, 
0x10, 0x00, 0x00, 0x00, 0x24, 0x40, 0x2d, 0x00, 0x00, 0x00, 0x00, 0x40, 0x00, 0x40, 0x00, 0x00, 
0xc0, 0x24, 0x00, 0x00, 0x09, 0x01, 0xd9, 0xff, 0x10, 0x40, 0x00, 0x00, 0x50, 0x10, 0x00, 0x00, 
0x14, 0x01, 0x41, 0x01, 0x25, 0x01, 0x10, 0x00, 0x17, 0x01, 0x4f, 0x00, 0x0d, 0x01, 0x2e, 0x00, 
0x2d, 0x01, 0x2e, 0x00, 0x89, 0x01, 0x00, 0x00, 0x85, 0x01, 0x01, 0x00, 0x80, 0x01, 0x80, 0x00, 
0x2f, 0x01, 0x00, 0x00, 0x11, 0x00, 0x00, 0x00, 0x06, 0x00, 0x01, 0x00, 0x24, 0x40, 0x26, 0x00, 
0x00, 0x44, 0xd4, 0x60, 0x18, 0x01, 0x84, 0xff, 0x25, 0x01, 0x00, 0x00, 0x80, 0x40, 0x00, 0x00, 
0x50, 0x10, 0x00, 0x00, 0x89, 0x01, 0x80, 0xff, 0x85, 0x01, 0x41, 0x00, 0x80, 0x01, 0x00, 0x00, 
0x06, 0x00, 0x00, 0x00, 0x00, 0x40, 0x00, 0x00, 0x50, 0x10, 0x00, 0x00, 0x09, 0x01, 0x84, 0xff, 
0x10, 0x40, 0x00, 0x00, 0xb0, 0x22, 0x00, 0x00, 0x18, 0x01, 0xcb, 0xff, 0x14, 0x01, 0x41, 0x00, 
0x20, 0x40, 0x00, 0x00, 0xf0, 0x0c, 0x46, 0x00, 0x21, 0x40, 0x00, 0x00, 0x20, 0x18, 0x01, 0x00, 
0x22, 0x40, 0x00, 0x00, 0x30, 0x09, 0x46, 0x00, 0x17, 0x01, 0x2f, 0x00, 0x0d, 0x01, 0x0a, 0x00, 
0x2d, 0x01, 0x0e, 0x00, 0x2f, 0x01, 0x01, 0x00, 0x02, 0x00, 0x00, 0x00, 0x30, 0x40, 0x00, 0x00, 
0xe0, 0xac, 0x01, 0x00, 0x10, 0x00, 0x00, 0x00, 0x24, 0x40, 0x2d, 0x00, 0x00, 0x00, 0x00, 0x40, 
0x00, 0x40, 0x00, 0x00, 0xb0, 0x22, 0x00, 0x00, 0x09, 0x01, 0xcb, 0xff, 0x10, 0x40, 0x00, 0x00, 
0x50, 0x10, 0x00, 0x00, 0x14, 0x01, 0x41, 0x01, 0x25, 0x01, 0x10, 0x00, 0x17, 0x01, 0x4f, 0x00, 
0x0d, 0x01, 0x2e, 0x00, 0x2d, 0x01, 0x2e, 0x00, 0x89, 0x01, 0x00, 0x00, 0x85, 0x01, 0x01, 0x00, 
0x80, 0x01, 0x80, 0x00, 0x2f, 0x01, 0x00, 0x00, 0x11, 0x00, 0x00, 0x00, 0x06, 0x00, 0x01, 0x00, 
0x24, 0x40, 0x26, 0x00, 0x80, 0x7a, 0x00, 0x5a, 0x18, 0x01, 0x82, 0xff, 0x25, 0x01, 0x00, 0x00, 
0x89, 0x01, 0x80, 0xff, 0x85, 0x01, 0x41, 0x00, 0x80, 0x01, 0x00, 0x00, 0x06, 0x00, 0x00, 0x00, 
0x30, 0x40, 0x00, 0x00, 0x00, 0xb1, 0x01, 0x00, 0x12, 0x00, 0x01, 0x00, 0x10, 0x00, 0x00, 0x00, 
0x00, 0x40, 0x00, 0x00, 0x50, 0x10, 0x00, 0x00, 0x09, 0x01, 0x82, 0xff, 0x00, 0x01, 0x00, 0x00, 
0x01, 0x01, 0x00, 0x00, 0x03, 0x01, 0x00, 0x00, 0x02, 0x01, 0x00, 0x00, 0x10, 0x40, 0x00, 0x00, 
0xb0, 0x22, 0x00, 0x00, 0x13, 0x01, 0x4f, 0x00, 0x15, 0x40, 0x00, 0x00, 0x30, 0x02, 0x00, 0x00, 
0x18, 0x01, 0x5d, 0x00, 0x14, 0x01, 0x41, 0x00, 0x21, 0x01, 0x00, 0x00, 0x20, 0x01, 0x00, 0x00, 
0x20, 0x40, 0x00, 0x00, 0x30, 0x28, 0x47, 0x00, 0x21, 0x40, 0x00, 0x00, 0xe0, 0x1d, 0x00, 0x00, 
0x22, 0x40, 0x00, 0x00, 0x10, 0x25, 0x47, 0x00, 0x23, 0x40, 0x00, 0x00, 0x20, 0x03, 0x00, 0x00, 
0x25, 0x01, 0x10, 0x00, 0x17, 0x01, 0x2f, 0x00, 0x0d, 0x01, 0x0a, 0x00, 0x2d, 0x01, 0x0e, 0x00, 
0x2f, 0x01, 0x01, 0x00, 0x11, 0x00, 0x00, 0x00, 0x02, 0x00, 0x00, 0x00, 0x00, 0x40, 0x00, 0x00, 
0xb0, 0x22, 0x00, 0x00, 0x04, 0x01, 0x4f, 0x00, 0x05, 0x40, 0x00, 0x00, 0x30, 0x02, 0x00, 0x00, 
0x09, 0x01, 0x80, 0xff, 0x10, 0x40, 0x00, 0x00, 0x50, 0x10, 0x00, 0x00, 0x18, 0x01, 0xda, 0xff, 
0x14, 0x01, 0x41, 0x01, 0x25, 0x01, 0x00, 0x00, 0x17, 0x01, 0x1f, 0x00, 0x2d, 0x01, 0x1e, 0x00, 
0x24, 0x40, 0x21, 0x00, 0xbd, 0x96, 0xc5, 0x44, 0x2f, 0x01, 0x00, 0x00, 0x05, 0x00, 0x01, 0x00, 
0x00, 0x40, 0x00, 0x00, 0x50, 0x10, 0x00, 0x00, 0x09, 0x01, 0xda, 0xff, 0x10, 0x40, 0x00, 0x00, 
0x05, 0x00, 0x00, 0x00, 0x16, 0x40, 0x00, 0x00, 0x01, 0x00, 0x00, 0x00, 0x15, 0x40, 0x00, 0x00, 
0x53, 0x02, 0x00, 0x00, 0x14, 0x40, 0x00, 0x00, 0x55, 0x00, 0x00, 0x00, 0x14, 0x01, 0x01, 0x81, 
0x24, 0x40, 0x1f, 0x00, 0x01, 0x00, 0x00, 0x80, 0x05, 0x00, 0x01, 0x00, 0x00, 0x40, 0x00, 0x00, 
0x00, 0x00, 0x00, 0x00, 0x0b, 0x01, 0x30, 0x00, 0x0c, 0x01, 0x30, 0x00, 0x0a, 0x01, 0x54, 0x00, 
0x04, 0x01, 0x00, 0x00, 0x06, 0x40, 0x00, 0x00, 0x01, 0x00, 0x00, 0x00, 0x05, 0x40, 0x00, 0x00, 
0x55, 0x00, 0x00, 0x00, 0x04, 0x40, 0x00, 0x00, 0x01, 0x00, 0x00, 0x00, 0x09, 0x01, 0x00, 0x00, 
0x05, 0x01, 0x01, 0x00, 0x10, 0x40, 0x00, 0x00, 0x50, 0x10, 0x00, 0x00, 0x1b, 0x01, 0x30, 0x00, 
0x1c, 0x01, 0x30, 0x00, 0x1a, 0x01, 0x54, 0x00, 0x12, 0x01, 0x30, 0x00, 0x11, 0x01, 0x54, 0x00, 
0x13, 0x01, 0x00, 0x00, 0x15, 0x40, 0x00, 0x00, 0x01, 0x00, 0x00, 0x00, 0x14, 0x40, 0x00, 0x00, 
0x31, 0x00, 0x00, 0x00, 0x18, 0x01, 0x00, 0x00, 0x14, 0x01, 0x01, 0x01, 0x16, 0x01, 0x05, 0x00, 
0x15, 0x01, 0x2f, 0x00, 0x17, 0x01, 0x07, 0x00, 0x2d, 0x01, 0x0e, 0x00, 0x05, 0x00, 0x01, 0x00, 
0x00, 0x40, 0x00, 0x00, 0x50, 0x10, 0x00, 0x00, 0x0b, 0x01, 0x00, 0x00, 0x0c, 0x01, 0x00, 0x00, 
0x04, 0x01, 0x30, 0x00, 0x05, 0x40, 0x00, 0x00, 0x45, 0x10, 0x00, 0x00, 0x04, 0x40, 0x00, 0x00, 
0x31, 0x00, 0x00, 0x00, 0x09, 0x01, 0xda, 0xff, 0x10, 0x40, 0x00, 0x00, 0x14, 0x98, 0x01, 0x00, 
0x1b, 0x01, 0x00, 0x00, 0x1c, 0x01, 0x00, 0x00, 0x12, 0x01, 0x00, 0x00, 0x13, 0x01, 0x30, 0x00, 
0x15, 0x40, 0x00, 0x00, 0xa9, 0x55, 0x01, 0x00, 0x14, 0x40, 0x00, 0x00, 0x05, 0x04, 0x00, 0x00, 
0x18, 0x01, 0xda, 0xff, 0x14, 0x01, 0x01, 0x81, 0x16, 0x01, 0x01, 0x00, 0x15, 0x01, 0x21, 0x00, 
0x17, 0x01, 0x1f, 0x00, 0x2d, 0x01, 0x1e, 0x00, 0x2f, 0x01, 0x01, 0x00, 0x05, 0x00, 0x01, 0x00, 
0x00, 0x40, 0x00, 0x00, 0x40, 0x94, 0x01, 0x00, 0x0b, 0x01, 0x54, 0x00, 0x0c, 0x01, 0x54, 0x00, 
0x0a, 0x01, 0x04, 0x04, 0x04, 0x01, 0x00, 0x00, 0x05, 0x40, 0x00, 0x00, 0x05, 0x04, 0x00, 0x00, 
0x04, 0x40, 0x00, 0x00, 0x01, 0x00, 0x00, 0x00, 0x09, 0x01, 0x00, 0x00, 0x10, 0x40, 0x00, 0x00, 
0x00, 0x00, 0x00, 0x00, 0x1b, 0x01, 0x54, 0x00, 0x1c, 0x01, 0x54, 0x00, 0x1a, 0x01, 0x04, 0x04, 
0x12, 0x01, 0x54, 0x00, 0x11, 0x01, 0x04, 0x04, 0x13, 0x01, 0x00, 0x00, 0x15, 0x40, 0x00, 0x00, 
0x01, 0x00, 0x00, 0x00, 0x14, 0x40, 0x00, 0x00, 0x55, 0x00, 0x00, 0x00, 0x18, 0x01, 0x00, 0x00, 
0x14, 0x01, 0x01, 0x01, 0x15, 0x01, 0x11, 0x00, 0x17, 0x01, 0x07, 0x00, 0x2f, 0x01, 0x03, 0x00, 
0x05, 0x00, 0x01, 0x00, 0x00, 0x00, 0xff, 0xff
};
